recorded_at,temp_sensor_1,temp_sensor_2,temp_sensor_3,hum_sensor_1,hum_sensor_2,hum_sensor_3
2026-04-15 22:23:24,8.978366283935697,7.458250609086553,8.896787296706556,93.98751296493114,93.63063189824594,92.7514954505237
2026-04-15 23:23:24,8.045093060532299,9.120673015631171,8.903385805716985,92.04784356372625,94.07081817827509,92.22667597064023
2026-04-16 00:23:24,8.462873686249239,7.524047068208246,8.772596277838751,91.11099868618031,93.42560082204574,92.93511112219687
2026-04-16 01:23:24,7.9077793437317965,9.650941967484812,8.477333327405447,93.31682632976222,91.20023812491426,92.43970397572451
2026-04-16 02:23:24,7.697921897969602,8.37718799190218,8.350281728125042,91.48599150395114,90.827826588275,92.50545698346272
2026-04-16 03:23:24,7.703801126900227,7.726066425694056,8.046276592371001,92.97301555674522,91.27601819345531,93.46841915395005
2026-04-16 04:23:24,9.466113764152471,9.072117731436823,8.510344278011114,92.882854265433,91.57280795258345,92.03098992261529
2026-04-16 05:23:24,8.037574799204734,8.523086504082139,8.963033983358077,91.3577531526937,93.49609318633668,92.29611523618436
2026-04-16 06:23:24,9.105302971588767,7.641456146451823,8.286334413589191,91.97904680826626,93.60409491960635,92.17937880469995
2026-04-16 07:23:24,8.398785557433586,8.758424562577172,8.698600040547184,93.04333557130363,93.28780869892341,92.75284459259319
2026-04-16 08:23:24,8.375475194396781,8.753612170907784,8.568133495125732,92.86378931295947,90.58627969357089,92.22371750686257
2026-04-16 09:23:24,9.242716051938931,8.494549680487117,9.006519100975611,92.07769254868128,93.81068397166857,92.36878731169745
2026-04-16 10:23:24,8.170680428719884,8.01144787245397,8.6608934752415,91.25445516624004,90.94768603855594,92.52320516921937
2026-04-16 11:23:24,9.283794845162024,7.773493393047456,8.554702610077474,93.7346290945327,94.32070559584871,92.11843499025306
2026-04-16 12:23:24,7.727338704772194,7.776047257926809,8.849296185098385,92.35426530039814,92.9942520346007,93.48170234227854
2026-04-16 13:23:24,8.156671509201853,7.359877896406763,8.788784022318746,93.5386435253767,94.1093977527975,92.09610421747982
2026-04-16 14:23:24,8.800154442554087,7.845569847266469,9.165027324684406,92.61167555880482,91.81077799687509,93.02429110768202
2026-04-16 15:23:24,8.347381131995398,8.785528420534632,8.905830117306511,92.43610960044997,93.84034765420832,92.66663387538257
2026-04-16 16:23:24,8.306534311614522,9.497628853266045,9.036317212423521,92.61838883877684,94.20815545283872,92.40345084348044
2026-04-16 17:23:24,9.351475584334143,8.065904338501129,7.812134917306195,93.28637845842657,92.41612859617264,93.0426652954797
2026-04-16 18:23:24,7.753935270309172,8.619562573625632,7.849816127756742,92.61505052657806,92.44706068219028,93.4106126182479
2026-04-16 19:23:24,7.964189102890714,9.216112584269688,7.886496164221167,93.85872022832194,94.15880273937657,92.67190925166692
2026-04-16 20:23:24,8.221927659293865,7.530846079980103,8.453600371718686,91.07914908162068,93.07751172533258,92.25312165660054
2026-04-16 21:23:24,7.606613810564471,8.04879799397613,8.683982196894972,92.10954042166841,92.09853205518888,92.11113143095686
2026-04-16 22:23:24,7.872899045681738,8.040252840316946,9.117169015324686,91.1776571809,93.19565075938233,92.24721719267059
2026-04-16 23:23:24,8.428063389349543,9.65276019416294,8.170476271040501,93.93371418229745,94.46859681706974,93.12160142889947
2026-04-17 00:23:24,8.470597903984281,9.028039423482857,8.599796245200984,93.73708784586039,91.92983020999807,92.3127308430953
2026-04-17 01:23:24,9.044634146038153,8.637945888100795,9.02118477362701,92.50264997083534,94.2067860422922,92.44130932766727
2026-04-17 02:23:24,9.314729483718045,9.705351885886177,8.948802318592616,93.84975718353608,94.10426495930732,92.31218098976235
2026-04-17 03:23:24,8.767108599821507,8.513045361127853,8.03834316280117,92.50401759942982,91.40995979962142,93.30448184618434
2026-04-17 04:23:24,7.765995598849059,7.535207169274073,8.366048618778727,91.13623747223463,92.31789682426772,92.69832639594311
2026-04-17 05:23:24,9.192814539602999,9.297782453388013,8.419021220099895,92.78405541039761,92.23485807676049,92.37729492310275
2026-04-17 06:23:24,8.536014965563453,9.162278667295535,8.93364745357007,92.81634422503092,92.13282105444031,92.029659847692
2026-04-17 07:23:24,8.310986867438782,7.230407619047793,8.526658656580121,91.59219543896741,91.728822799675,92.49040906998896
2026-04-17 08:23:24,8.200825765173358,9.67782980776074,9.178534642868307,92.0093968209167,92.12696956887206,92.50110796456504
2026-04-17 09:23:24,8.4520137751852,8.334197733877136,8.692581599150689,91.36876382296293,92.34612468832724,92.43550093442377
2026-04-17 10:23:24,8.67644834028486,7.653607675751027,8.783340148185262,92.12064846987029,93.54468981281111,92.32900586032021
2026-04-17 11:23:24,8.533525982650662,8.33556480052348,9.145225384108599,93.5721630733187,93.25793306824536,93.22557329788778
2026-04-17 12:23:24,7.568607826430071,7.344510366519489,8.984040850826647,92.27109598078724,94.1491942542569,93.30676318852922
2026-04-17 13:23:24,8.835947455117322,9.577343799566577,8.91530862004058,92.67232740623517,91.01531658141555,92.94557301653528
2026-04-17 14:23:24,9.230483403323987,9.38394840399361,8.662543775597715,92.42942369800946,94.13577879154056,93.1515804470222
2026-04-17 15:23:24,7.743220474904751,9.489685404156635,8.635077826905201,92.8849696855666,93.49687738260228,92.62653627578663
2026-04-17 16:23:24,7.979377601808936,9.161879037793113,8.159614354341494,91.65531468511602,94.10917961873142,92.61454260041594
2026-04-17 17:23:24,8.084057059392702,8.03464960619956,8.135991714320554,92.31835716855362,92.94393737801417,92.62794493191866
2026-04-17 18:23:24,7.578442638731456,9.076454119119054,7.905981190116601,93.50527809415945,90.70525996389298,92.6634646208012
2026-04-17 19:23:24,8.405672602862872,7.995417883549534,8.914044724908292,91.62847082488408,92.30801667109493,93.17212796552538
2026-04-17 20:23:24,9.363258987408893,8.861200870138115,8.104507061503924,92.08492815688061,91.2344717608607,93.2901560926029
2026-04-17 21:23:24,8.00155146852896,9.221232176304994,8.376072861886009,93.89698355048236,94.1934635902344,92.25720733050656
2026-04-17 22:23:24,8.579315641144351,8.777302792530085,9.050312744757639,91.24548304780079,93.61586077544501,92.74463584846028
2026-04-17 23:23:24,7.70930425673533,8.082129182003094,7.954736239218615,93.52293239187026,92.16582544259863,92.811955670422
2026-04-18 00:23:24,8.995842404622834,8.941214812813763,8.903841440485769,93.07677272415266,92.33522411242757,93.4803193187204
2026-04-18 01:23:24,8.644957115797936,7.918683420362725,9.169074969636858,93.8222759674969,93.53581315963976,92.51307691687708
2026-04-18 02:23:24,9.350345356165533,8.673228211086982,8.425341190280456,92.7715307092956,90.93563665078767,93.37584788868413
2026-04-18 03:23:24,8.52257682120545,7.43851693364625,9.15976392361675,93.66871854197655,91.6466024464282,92.17622837384985
2026-04-18 04:23:24,9.440594271677705,9.090278815192892,8.583054878877737,91.50940642010963,94.19401787860437,92.7618749331563
2026-04-18 05:23:24,8.13164709574165,8.064736753559728,8.92386613636727,91.93815238134493,92.37183406795937,93.39599825673022
2026-04-18 06:23:24,9.134445286396131,7.703619241131461,9.06207640842354,93.00857801092818,91.1564692140359,92.95506867119092
2026-04-18 07:23:24,8.189051796028648,8.717469645596333,8.399324364599638,93.03022132694878,92.16776095388245,92.56343682785497
2026-04-18 08:23:24,9.105084192872138,9.017146684856574,7.808550244321314,93.32367831032921,94.43455212056544,92.9008434850034
2026-04-18 09:23:24,7.839419388990695,9.422066452693652,8.037625701316982,93.3221287943044,92.86126628777097,93.33083805807263
2026-04-18 10:23:24,8.001269223245778,9.040268758246148,7.819990119674844,93.4371045555884,94.13084269397773,93.28455776199803
2026-04-18 11:23:24,8.747827280946789,8.100307391559502,8.703295870419101,91.89674521399286,91.5790039233649,92.51575270728196
2026-04-18 12:23:24,8.10265270569318,7.279242936527783,8.651860240213043,92.81811934582667,91.17630722170176,92.80639307425945
2026-04-18 13:23:24,8.065824986382898,9.228789879666943,8.711739148276155,92.57235152804081,93.6585428634281,92.27747892358147
2026-04-18 14:23:24,8.440733546569486,9.32009932439162,8.607434663319928,93.75964269744757,90.976904977966,93.19819675870922
2026-04-18 15:23:24,9.488538867779141,8.635937606848742,7.905925578881405,92.20532878743315,91.20189698279407,92.60075641056544
2026-04-18 16:23:24,8.723918852031261,8.888612608130993,9.008190435063476,92.54160449170656,90.522845543451,92.83093417375133
2026-04-18 17:23:24,9.456051438424097,7.5439016026021655,8.523833266852906,91.12919645589989,91.01085692363058,92.82231468785572
2026-04-18 18:23:24,7.92759576994133,8.438118832670185,8.492734310332303,93.76427532559914,90.81817088208126,92.61499753186271
2026-04-18 19:23:24,8.64943703207806,8.330604174371942,9.0707408807467,93.55342043361331,90.8607933322198,93.42377450471902
2026-04-18 20:23:24,9.314446780487046,9.308388133314388,8.796449396998028,93.83342068951049,92.35603182636859,92.54515144385587
2026-04-18 21:23:24,7.78961005587761,7.902337966023775,8.18339844757189,92.10231516473955,93.80633920441092,92.11144392044724
2026-04-18 22:23:24,7.517937614106978,8.41518723118125,7.927727450562684,93.95630537838622,91.97240920696795,92.57715804529003
2026-04-18 23:23:24,8.372043370599462,8.60491202249758,8.309560813144236,91.60386615667586,90.96595028938678,92.27436193168926
2026-04-19 00:23:24,7.762927073579421,8.228228227868247,7.838952626095805,91.27345642248417,91.00271457224756,92.10981120341819
2026-04-19 01:23:24,8.802351452553294,9.30300439766469,8.030102539637216,93.13070016657039,91.0747964996169,92.88724920737697
2026-04-19 02:23:24,8.033244368988901,8.029350830313895,8.324377962958962,92.61465233711567,91.27975670315617,92.02563764687812
2026-04-19 03:23:24,7.773054155913216,9.023724600671901,8.407251327259791,93.11367190287856,92.52429056969646,92.87057496399588
2026-04-19 04:23:24,7.554570941940639,7.935787464443115,8.600336410642528,93.29367193533658,91.48584887807422,93.18057963248063
2026-04-19 05:23:24,9.182835511075577,8.641852970013828,8.728096771129476,91.03395328626067,93.54033309829505,92.2264752829628
2026-04-19 06:23:24,7.825511859160077,9.397651972627937,8.426568621564806,91.3948630358102,93.8910205469047,92.53356221304492
2026-04-19 07:23:24,8.408258751477623,9.773560352200018,8.276984288202998,91.20573860042352,92.60002405650843,92.49284256229679
2026-04-19 08:23:24,8.71343450488153,8.391507045422742,7.949080607003695,91.52657789645644,91.32037660713115,92.50510854159255
2026-04-19 09:23:24,8.986982167736727,8.413947188322954,8.080770624095345,91.10403729843243,90.79796896771293,92.81352190440927
2026-04-19 10:23:24,7.55642829514014,9.603980581488337,8.485594010228734,91.39102700329332,93.01980515286115,92.81291303593176
2026-04-19 11:23:24,7.552893298928053,9.092910917892675,8.801273648241068,93.15354764053883,90.62130987548444,93.219174402015
2026-04-19 12:23:24,7.641702190986184,8.243924190268427,7.948968687923458,92.80956299901241,92.40887041801454,92.59387153327488
2026-04-19 13:23:24,9.132780924234655,7.585298792545266,7.934781559488212,93.75499579742551,92.07464129220696,92.6132863128422
2026-04-19 14:23:24,9.413921154808888,9.421095258019298,8.073390372149877,93.7591576437431,92.81136737654373,92.31469015997166
2026-04-19 15:23:24,8.815982668829124,7.223294530418969,8.489879341690125,92.7338646291839,90.62713327618457,92.47807342962064
2026-04-19 16:23:24,7.979364625326539,7.714699491234211,7.836090215326529,92.73431284227095,91.26794958438306,92.83839472549553
2026-04-19 17:23:24,7.771234096124485,8.438715061740453,8.7191329857046,91.15524506221244,92.93327890519005,93.13783509743436
2026-04-19 18:23:24,8.768884928959928,7.939544032203124,8.31694342280528,91.61227245984163,93.45817880978387,93.13113894692657
2026-04-19 19:23:24,8.649118212280541,7.970775026832392,8.568037224860038,91.83950381229614,93.26061362362486,92.45624967357668
2026-04-19 20:23:24,8.263625103236809,7.313875058622467,7.870997397443732,92.12863029752803,92.11774937710796,93.20551199549725
2026-04-19 21:23:24,7.82965982706262,7.710371524774269,9.166404384015468,91.70857664251731,90.6440466172636,93.25060405847758
2026-04-19 22:23:24,7.905225621670361,7.306296661415237,8.387779196636213,92.91513481212029,94.02569797596279,92.2767588807936
2026-04-19 23:23:24,7.816568528161866,8.73202548733386,8.934160146807438,91.41196752526947,91.39037983845023,92.4751315349372
2026-04-20 00:23:24,8.445284706500532,8.443429477217638,8.59326228100017,91.1180315088716,90.81506337427763,92.0002509318571
2026-04-20 01:23:24,7.837517931684125,9.473232175835662,8.454512784872339,93.95062523084881,92.46467227207627,92.34119750451184
2026-04-20 02:23:24,9.216050874987156,7.488918638807278,8.563515150165328,93.776729860257,94.36744593023413,93.25822114291663
2026-04-20 03:23:24,7.782356135816017,9.724755164014345,8.229273757405172,93.9149473343311,93.24097213158666,92.69871709365259
2026-04-20 04:23:24,7.501331850040869,7.986764886794317,8.534828130945295,91.09148054673861,92.41101785716664,92.96596259387624
2026-04-20 05:23:24,8.049908909081076,7.857478742633518,8.869508273504232,92.24399899316057,93.2641997979586,92.25013478645596
2026-04-20 06:23:24,8.714134168246076,7.403885947807502,8.157942603662876,91.40727425431933,93.90010434323291,92.04122261974778
2026-04-20 07:23:24,8.643690584339307,8.537469607119737,8.976883425335906,91.79923376453883,93.00284867411031,93.00138324464973
2026-04-20 08:23:24,9.14315491435962,7.288458249875036,8.026324339705415,91.24186974639396,92.24183161707506,92.52377813692523
2026-04-20 09:23:24,8.060214445731635,9.771160163146032,8.350042698532123,91.42761936520172,92.57612476583087,93.14855447390741
2026-04-20 10:23:24,9.339117780054623,8.923611662965252,8.562303440236299,92.59659522440543,91.02814496405894,92.9478002233031
2026-04-20 11:23:24,7.6409408884345416,8.754944620457504,8.830645127277672,92.97545084586291,93.71116347524705,93.41625464482149
2026-04-20 12:23:24,8.136662622969427,9.382907722471238,7.902984008804997,91.683901758326,91.11767039110198,92.72462661251026
2026-04-20 13:23:24,8.826275662565152,8.40863389324913,8.020626456108756,92.24657049163534,91.00779197191389,92.17520838391987
2026-04-20 14:23:24,8.64453199535845,9.054300246758821,8.937028470850061,93.1653122832584,92.44388718785264,92.01594133347172
2026-04-20 15:23:24,8.516140130271074,8.558901920073207,8.315928694266551,92.22388902204854,91.02328711613768,93.09738877180632
2026-04-20 16:23:24,8.957957846391006,8.649227980387552,8.992095643914483,91.96444011545545,91.41542546351926,92.75498905600489
2026-04-20 17:23:24,8.685305052465234,9.12495497103745,8.366189428187369,91.63346478804759,90.65008174955601,93.18951178396134
2026-04-20 18:23:24,8.507860091588999,9.36712150411595,8.25713942146779,92.87843454827197,93.22416025565424,92.8156240807759
2026-04-20 19:23:24,9.279063925083747,8.535902553251994,8.872093450457557,91.66174260933799,91.44161677914896,92.92635110138333
2026-04-20 20:23:24,8.661817052955355,9.798553308398292,8.748448503726259,91.56234646183182,92.78058669353902,93.34531445413535
2026-04-20 21:23:24,7.632878172842024,8.729209891842846,7.861346790565229,91.95581917213198,91.48946254608518,92.1728406696772
2026-04-20 22:23:24,7.766392636720842,7.96321492227653,9.036213179338265,91.29060337989243,92.15327208849489,93.15807749217296
2026-04-20 23:23:24,8.398093011337217,8.904543647546955,8.987187010136285,91.3074173001905,93.86774676661344,92.72689743116321
2026-04-21 00:23:24,9.094514579115991,8.02856771778723,8.133826930423366,93.63922013267954,93.28456523702391,93.44256011997967
2026-04-21 01:23:24,9.163354017381232,8.539651342419496,8.871235271345915,93.21725640490291,90.6721750041773,92.12811695559566
2026-04-21 02:23:24,9.07024908900508,8.229187175490683,8.379588394135961,91.40174010297144,90.91845318510617,92.42987338199327
2026-04-21 03:23:24,9.089472566531406,7.819512477872945,8.761725972238729,92.52411458256705,93.02189482100987,92.94352712604226
2026-04-21 04:23:24,7.850517998916965,8.970085378250793,8.518894705204412,91.09556598730832,94.47353607460929,92.61312854671637
2026-04-21 05:23:24,9.260222245454893,8.688868846451546,8.060052808396899,93.13734742586864,93.85445042645519,93.05573108467597
2026-04-21 06:23:24,9.140819505285398,8.487381166924003,9.0531427653532,91.27139536229105,94.21719765846355,92.81153681637318
2026-04-21 07:23:24,7.713620466072703,8.122087611358603,7.893818704609847,92.42849966842059,94.47025685834498,92.94899921109801
2026-04-21 08:23:24,9.291894510194469,9.790104337350108,8.296890476789363,92.55426846864803,92.07898090637542,92.93518735237417
2026-04-21 09:23:24,8.628395612668367,7.977343152328842,7.990540214159179,91.90367843391424,90.54939148440855,93.28132500213307
2026-04-21 10:23:24,8.212384077261463,7.906585129404489,7.929876360587001,93.20179915986417,91.59517555401683,92.36961798727168
2026-04-21 11:23:24,8.055049953979537,8.999470655079062,9.072917100001147,91.81987065676192,94.24036758606941,92.27160203070183
2026-04-21 12:23:24,9.18215074829142,9.54179828357599,7.905461776065657,91.93378049783647,92.88806236181195,92.21821910271568
2026-04-21 13:23:24,7.796823698454553,8.24297154906125,8.215565084516703,92.65451970172825,94.24572146038295,93.35107742163827
2026-04-21 14:23:24,8.632104283483223,9.749201622453029,8.857061260092438,91.09882074297768,93.27473074246619,92.52513211075419
2026-04-21 15:23:24,8.924162287259703,9.382546143842738,7.807802665527867,91.93798367090292,91.40482175605297,92.34581432921068
2026-04-21 16:23:24,8.847272521194933,7.569438381652264,8.240634764760252,93.99320620344861,92.87494543666314,92.40291795443866
2026-04-21 17:23:24,8.716812111615246,7.961604048738128,8.17761399940821,93.89729222526894,93.1951635046077,92.09579502629002
2026-04-21 18:23:24,7.6329723778481915,9.207537189326088,8.741001747275634,91.00985400739918,93.55255176172363,92.46145106418754
2026-04-21 19:23:24,8.351186789944723,8.388976420961347,8.99772864007639,92.48797397648295,91.59724322400015,92.83559511562154
2026-04-21 20:23:24,8.9058555518755,7.35330591516839,9.164054375920461,91.14353547328552,92.15031423961156,93.30832816879882
2026-04-21 21:23:24,9.279945328783953,9.64850109555265,7.904216848278743,93.15372499881516,94.22635019962571,93.32079584005797
2026-04-21 22:23:24,9.349625983592384,8.252984707792852,8.429810066785285,93.51817351175325,93.82470057594932,93.20603610095289
2026-04-21 23:23:24,9.183024036659845,9.72565372041225,8.532725363631153,92.33678533425606,91.26422121012808,93.31870328587442
2026-04-22 00:23:24,7.946683095059896,7.388716572345591,9.142222126805956,91.72219164259906,93.86430657676033,93.41297024940113
2026-04-22 01:23:24,7.53793159158086,8.315680066739986,7.813903930740708,92.42203480492884,91.10048304305045,92.48495660597216
2026-04-22 02:23:24,8.377959729656764,8.132329217940685,9.089938096525582,93.66926027748589,90.54112467633601,93.13071292237848
2026-04-22 03:23:24,8.526597905604486,8.174184814228848,8.76047504290676,92.10118475092456,91.34678630033991,93.48865177924276
2026-04-22 04:23:24,7.732776134183132,8.733770592003449,7.857862313091376,92.30938600918323,91.87719808253189,93.35666343898343
2026-04-22 05:23:24,7.879290399574839,9.787232574805612,8.332290269120882,91.92799610897166,90.97387638108614,92.8364252895385
2026-04-22 06:23:24,8.908368976818501,7.491075349839776,8.238862274150524,91.30167970616938,92.89124603396252,93.14172529297336
2026-04-22 07:23:24,9.323399482111691,8.713524872058645,8.216283252759764,93.48944130052527,93.1676664245597,92.129689475025
2026-04-22 08:23:24,7.944924712693105,8.419963291330676,8.394651689783549,92.3563074951291,93.35134912176368,92.02684156644133
2026-04-22 09:23:24,8.71157357467093,8.97901974844266,8.881625321962293,93.5343283154853,91.54640611584645,93.32642627971812
2026-04-22 10:23:24,9.496020680515112,9.583641645518025,7.973401728401298,92.37538054746726,93.71612051361933,92.87443808886214
2026-04-22 11:23:24,7.543223330411892,8.594675243020427,9.1429567694501,91.05476047810578,92.77410780512443,92.86092717070895
2026-04-22 12:23:24,8.483533753133857,7.772809070741519,8.64884261987021,93.90526291073544,94.27678589485689,93.32231881536335
2026-04-22 13:23:24,7.863521248086503,7.9764304335946115,7.922165070427728,93.68733326318116,91.1051702211346,93.47246277018019
2026-04-22 14:23:24,7.93295837738306,9.11451720084317,9.14001173243089,91.54990191158831,91.00345446305109,92.31549952715379
2026-04-22 15:23:24,8.899524011448626,7.551229983078629,9.137625537532031,92.97348682531234,92.70838740759118,92.89096642472175
2026-04-22 16:23:24,8.16044863471982,7.352772441761983,8.619465424999463,93.87193270571086,94.13014211939009,92.31044537625061
2026-04-22 17:23:24,8.544326458907388,8.806721019093146,8.661367296883576,93.01095648048806,91.4630676334505,92.99490393015118
2026-04-22 18:23:24,8.378318433961491,8.459656733496457,7.964626529373702,93.19162654558258,91.3098248540337,92.59946400228348
2026-04-22 19:23:24,9.374485191620597,7.42002991900365,8.374572910416274,93.38814706203772,91.75251456478537,92.3791195837309
2026-04-22 20:23:24,8.761209523598014,8.371861257325588,7.930227981064461,92.73409653779325,91.24669808160445,92.37075349564988
2026-04-22 21:23:24,8.405369138811297,8.599070631383146,8.121019019672067,92.03568236091519,93.84023019336149,92.79013691339098
2026-04-22 22:23:24,7.514956539182459,7.932972634942463,7.888590615475153,93.26931955804126,93.26451274257806,92.84687513024856
2026-04-22 23:23:24,9.27673034215486,7.676801238679258,8.565901641719222,91.90222337724953,93.91898982754228,93.0199687065999
2026-04-23 00:23:24,8.942588010918627,9.739074468775632,8.567331390373948,92.39311139803864,93.11422395751453,93.19981655329053
2026-04-23 01:23:24,8.790068944665823,7.322090412577152,7.978843832801939,92.93990236266123,90.90212221546267,92.23111476204984
2026-04-23 02:23:24,9.370854325020337,8.875209204657809,8.200408023576928,91.55054104147186,91.19832612760284,93.41756366687214
2026-04-23 03:23:24,7.603619552395346,8.61861240598238,8.895603520872854,92.35629104683544,91.02665950600236,93.19711147671177
2026-04-23 04:23:24,8.436181745683893,7.924655807208233,9.072649831999561,91.63163502994556,94.07365976689819,92.90791911367496
2026-04-23 05:23:24,8.433209195842199,8.437854496204448,8.27824857501337,91.68599389712503,91.06138342278649,92.25716294610916
2026-04-23 06:23:24,8.98219489707097,8.144246210266767,8.804721891097657,93.29998664091015,94.36360468554994,92.23719930880314
2026-04-23 07:23:24,9.304475819241617,7.316117469349721,9.17651072864758,93.98817866325004,93.14992691016599,92.88233648258498
2026-04-23 08:23:24,8.480255316102037,7.813406423004456,8.779661874058487,92.3381564402801,93.93098039712962,93.1699431641876
2026-04-23 09:23:24,8.554914388279856,9.216527770968646,8.86893963368457,93.46909022289239,94.30125878100779,92.75387244985566
2026-04-23 10:23:24,7.7665549832266985,7.663876568432258,7.986442388348067,91.77950468063148,92.68709555190836,92.9686920132457
2026-04-23 11:23:24,8.13527791793287,8.347923024152028,9.010945037048806,92.12780201340026,93.04877537053596,93.40873275427937
2026-04-23 12:23:24,9.215824274317509,9.17887850140052,8.07917619648841,91.70219141633682,90.94750968361065,92.33263736943756
2026-04-23 13:23:24,7.946183954970126,7.661881173040752,8.471531404066493,92.9409775343709,91.12644193279974,93.08313091886579
2026-04-23 14:23:24,8.019942433461093,9.11077609681002,8.188805966880508,92.7740937038985,94.1847249958904,92.52277495715637
2026-04-23 15:23:24,8.640779499523797,7.549301107762746,7.855475759618012,92.82104969328684,92.0093923554645,93.37101186246592
2026-04-23 16:23:24,7.711115873050005,9.628194621793149,8.49371288935013,92.69925622530629,90.96245387779818,92.16002719985788
2026-04-23 17:23:24,9.483431405975752,8.859498987330436,7.951296833821307,92.75020093715838,93.41523996164796,92.28922684890462
2026-04-23 18:23:24,9.245325617166323,8.444417435932593,7.9121241626200325,91.51727854410059,92.016579328718,92.17558945767247
2026-04-23 19:23:24,7.687136261677718,8.998598254622589,8.000276298429329,92.8163778722703,91.05922383292314,92.12641546029919
2026-04-23 20:23:24,8.137318263198082,8.82447769647814,8.963159373991964,91.26537444597095,93.42516537009394,93.25949323211486
2026-04-23 21:23:24,8.284588413046874,7.967428308148912,9.129302419978364,92.90075985522171,91.75206018412271,92.93629241223525
2026-04-23 22:23:24,8.928551382814167,9.15113049070229,8.070160041591205,91.28243638655358,91.38536434125353,93.46127974243997
2026-04-23 23:23:24,7.605613906650115,9.230622796658668,8.342019321159418,93.78426619359283,90.62691956082503,92.95456488825175
2026-04-24 00:23:24,7.982514949061056,9.49783543544964,7.864296336068943,91.80209981307205,91.84006534530019,93.26109193657332
2026-04-24 01:23:24,7.622044543576374,8.872037720308663,8.350150716157225,93.79919301572548,92.66770824642234,92.25918541040242
2026-04-24 02:23:24,8.367181228879229,9.736039118978235,7.995515023379268,93.91633405488209,93.49943435960954,92.73585143952276
2026-04-24 03:23:24,8.50310781627648,9.40514278538128,8.125284415947446,91.50417914230331,90.56682176661727,92.64238608068109
2026-04-24 04:23:24,7.861204248975628,7.549374629338083,8.714734262374787,91.58782361871215,90.65600617058654,92.1773885735447
2026-04-24 05:23:24,8.660025367141209,7.558461925320048,8.590914571738102,91.45013433668342,91.87069947895272,93.46652211200588
2026-04-24 06:23:24,9.277471773313932,9.511656647158063,7.821586695754318,92.91104661360343,90.8073822558834,92.2888325147647
2026-04-24 07:23:24,7.860673793262697,9.674091426565335,8.008708001489394,93.83573288197579,93.2645575713056,93.12564578487117
2026-04-24 08:23:24,9.42468731089743,9.47361569455094,8.182728175429562,91.90901904808501,90.53230089234764,92.52825546232933
2026-04-24 09:23:24,9.029824369707864,9.514832511426977,8.189361768805956,91.6361786563812,91.7308333400033,92.55753853435729
2026-04-24 10:23:24,8.360692734883544,7.402295691261623,8.641025046692143,91.60485240797337,92.46922437068656,92.5544549663237
2026-04-24 11:23:24,8.976269932649483,8.040414064827493,8.366176067214218,93.8883899116128,93.19124463257829,93.3544914533488
2026-04-24 12:23:24,8.732132247936837,9.112033347936995,8.11345659749651,92.08365241935546,90.63852305022166,93.26410212923487
2026-04-24 13:23:24,8.118917751000517,8.80008926390116,7.937139019714609,93.5243836925576,91.13733586522194,93.15534604422946
2026-04-24 14:23:24,8.214806632261878,9.303176561057192,9.12434218548753,91.52658032134791,91.88691853520712,92.10670366365267
2026-04-24 15:23:24,8.755525981120334,8.396446421627761,8.954118000523696,91.2318989701553,91.79645505584367,93.07013168474025
2026-04-24 16:23:24,9.101746269071603,9.76593138576832,8.996886747795056,91.33249082921728,91.86646002968936,92.91587832204102
2026-04-24 17:23:24,8.335634620134373,8.386524519214959,8.007987039999202,93.7103641157382,91.865924643285,92.6214524007
2026-04-24 18:23:24,7.765705522625822,9.304235881519855,8.879080082024275,93.3336027670815,90.7136990750078,92.88820206317878
2026-04-24 19:23:24,9.289739508855908,7.359183860670548,8.62738126331094,91.03498475686234,92.75052798176327,92.52314403892785
2026-04-24 20:23:24,9.434997618204362,8.399504804384923,8.89420612409294,92.34663083700606,93.43580957967086,93.0196535492265
2026-04-24 21:23:24,7.936844288426027,7.461835675510503,7.974015041525135,93.07007080202555,92.05246701352392,92.25310391304811
2026-04-24 22:23:24,7.987521886295299,8.579809754269085,8.581633587879859,92.8021219793576,92.35728528245482,92.52491052429198
2026-04-24 23:23:24,9.074483908096147,8.127864684417672,8.673383362008883,91.28493477907207,92.6494137841754,92.5423033593157
2026-04-25 00:23:24,8.53714053974912,8.24432058548812,8.996144839743623,92.14765275132338,92.76979994550982,92.82265669015854
2026-04-25 01:23:24,8.325778261542224,7.461352119256812,7.840562775801103,92.89586572191244,91.67517031961562,92.90671134370727
2026-04-25 02:23:24,7.744662278170902,9.077060414766516,7.913792352085601,92.3597200078383,91.79307536815232,92.81177453943002
2026-04-25 03:23:24,7.6286699824234,7.295123709079702,8.004858738581046,93.20618469465431,92.49819582975734,92.40885536685519
2026-04-25 04:23:24,8.13845332944273,9.66741299818191,8.508508664720036,92.06497140145551,93.67571083824687,92.66192234632366
2026-04-25 05:23:24,9.170245298617196,8.247213852445975,8.543106566100736,91.2293444469792,93.10907951279808,92.90981982343095
2026-04-25 06:23:24,8.603416549285335,7.516957973415973,7.956409538049495,93.83512076561381,94.41380896375638,92.6801450542074
2026-04-25 07:23:24,7.924803464763892,7.932923688723447,8.840388576180667,92.4426613809967,91.90054285825691,92.9150848662965
2026-04-25 08:23:24,7.843808589089747,8.118546622340226,8.936936645725435,91.62605509023614,90.54100224888289,92.50504555613901
2026-04-25 09:23:24,8.27260271956821,7.5621404642020185,8.80640546314195,92.3386652240497,91.97971112638261,93.37433039023814
2026-04-25 10:23:24,8.347302112784693,8.594428876561338,8.674550913782213,93.13483428598477,93.58655908464124,93.41107025717902
2026-04-25 11:23:24,8.466856669033351,9.565801847497417,9.19717732738318,92.82482321092553,90.9950106070815,92.54462535825704
2026-04-25 12:23:24,9.043166321686083,7.790678420718904,8.3438545130934,91.86059977414182,92.25126799424007,92.25594147779069
2026-04-25 13:23:24,7.582158022840913,9.768011707842309,7.961733397148017,92.09002987205034,94.23467189570515,92.08650050139846
2026-04-25 14:23:24,9.174763807464188,8.408199889837526,8.8123850892609,93.70724125014002,93.26903296568779,92.82369686102078
2026-04-25 15:23:24,9.009418701255528,8.908228587508264,8.424151168962373,93.1756588451459,92.83004228462104,92.99015782433985
2026-04-25 16:23:24,9.489546784948537,8.612430010614213,8.995123848452563,91.76551170617874,92.89025937160015,92.96723849811296
2026-04-25 17:23:24,8.197411784436744,8.944310969836858,8.509607056373916,92.76965683659405,91.14243508365969,92.92081115353733
2026-04-25 18:23:24,8.259816842094883,7.499075818616995,8.209653466563442,93.5852740907377,90.7097016697977,92.92879794074702
2026-04-25 19:23:24,8.865958225592568,7.745677102065372,8.289893062130693,91.61266261011598,93.1912250256427,93.06659980935497
2026-04-25 20:23:24,7.829061987936745,7.518050661882666,9.107909141135003,93.63757676880483,91.07047101589178,93.28803205483291
2026-04-25 21:23:24,8.589246541997316,7.572777449235311,8.527475791109717,93.31438965212796,92.09289071600269,92.24276290607278
2026-04-25 22:23:24,8.469715627271228,7.747040371052736,8.22950091366947,91.67237380710463,94.1035136843272,93.25676338744319
2026-04-25 23:23:24,8.1465028551833,9.307345112143242,8.466249380842482,92.41047776051803,91.71422636540612,92.95257144589034
2026-04-26 00:23:24,8.017202356603985,8.2185138517279,8.923010285189855,92.77580871356597,90.88464785744914,92.98358029544549
2026-04-26 01:23:24,8.930227905024463,7.532012325802005,8.71832341997236,93.55292365987864,92.21384237091628,92.63450267446326
2026-04-26 02:23:24,8.244630781403208,7.513488065926495,9.075063568206298,92.46831645473557,91.3486358398257,92.53780076214932
2026-04-26 03:23:24,8.012284972087798,9.755854717675309,9.199883340225721,91.67128268135677,92.92895927405424,92.75803878701106
2026-04-26 04:23:24,9.090037790991246,9.143276440930807,8.57796277508625,91.40802800857533,90.61352471244301,92.5255772185085
2026-04-26 05:23:24,9.289704306460255,8.345076001482624,7.974832661825387,91.71725663127594,91.69840953932871,92.06956520014703
2026-04-26 06:23:24,8.042255878921278,8.808703899212967,8.909370740748322,93.89390941065408,93.92999092933226,93.00987530645955
2026-04-26 07:23:24,9.08159899532801,8.498460256462552,7.887093692895684,92.23648176784609,94.16335235524305,92.2701044747971
2026-04-26 08:23:24,7.572455755336105,9.335226661235826,8.33886357633493,93.07444188314183,92.27950272250033,92.34904350099593
2026-04-26 09:23:24,8.194634189883905,8.842853479010074,8.44291705354286,92.33982552778744,94.2300721536116,92.71663900011785
2026-04-26 10:23:24,8.340822198430189,7.816244062492751,8.283935327997511,91.15464593541728,94.12090727034565,93.26302842266489
2026-04-26 11:23:24,8.912211882597665,7.44402372856062,8.341465494244165,91.49532685023874,91.31660072069982,93.12087112200494
2026-04-26 12:23:24,8.73506930991479,8.659879743436898,7.958162315659297,91.88239780833152,91.56697512712147,92.32558421458359
2026-04-26 13:23:24,7.991781880749059,8.756035111411226,8.786122181643,91.14442814433093,92.65623005133703,93.28939017809866
2026-04-26 14:23:24,8.824311182270923,8.022516428573306,8.327681316216824,91.03586222279988,93.81419777511104,93.39956630034122
2026-04-26 15:23:24,9.139663519863262,9.795989494320274,8.064006558493203,92.86946239875384,93.18812773594111,92.23276233110624
2026-04-26 16:23:24,7.728882590791352,8.285395849060205,9.14515953440201,91.1998285222005,93.685683374149,92.3114410705179
2026-04-26 17:23:24,8.435939493726146,8.442256718305156,8.884902556824423,91.92381756927438,94.35213621506672,92.72508266126609
2026-04-26 18:23:24,8.91466903518344,7.952920636431211,8.443954328310753,93.91113316466223,93.11836651370119,92.05724593185785
2026-04-26 19:23:24,9.321888552071414,9.384651312526152,8.89009928534998,93.37173833552202,92.74884825738175,92.53471890819367
2026-04-26 20:23:24,7.527393009203152,8.300449946304827,8.627616070732211,92.78427809535688,93.93754807063868,93.27819941510573
2026-04-26 21:23:24,8.447931140678605,7.319826982238181,8.367892500319108,92.6680576560956,93.92723044873397,93.44997000396393
2026-04-26 22:23:24,8.962776388906313,8.053222684948931,8.258643224724864,93.71527716643462,93.74236286102038,92.7342480881079
2026-04-26 23:23:24,8.045978979351393,8.176347809921987,7.827543918913561,91.22258473923007,93.58231158086245,93.06363671522197
2026-04-27 00:23:24,8.077615604284066,8.565257651981517,8.418030797445018,92.78268931994901,91.54406981995636,92.36190617845278
2026-04-27 01:23:24,9.076010106366367,8.645834820073809,8.929203034459174,93.43385563448717,91.4162079467742,93.16099306792593
2026-04-27 02:23:24,9.276507058179792,8.012424969663437,8.618488313629225,92.33656786898112,91.07391361801558,93.01075536398561
2026-04-27 03:23:24,7.841274111250524,8.653858490927142,8.13556230310866,93.45293604473054,92.65283069265074,92.95187121557811
2026-04-27 04:23:24,9.405097644472947,7.849068763975708,8.672862472154588,92.50110975837458,90.77873323297382,93.12818127997596
2026-04-27 05:23:24,8.198743226439877,7.358258395064423,8.754440087255437,93.18689892178546,91.76339451643304,93.45829767869951
2026-04-27 06:23:24,7.855065484428038,7.7861653741146455,8.605704303604119,93.80863097173908,93.32915938180241,92.61026659830466
2026-04-27 07:23:24,8.266026902051703,7.363598153298099,7.9566056678786525,93.57699431210656,93.24780298563745,93.14134774746387
2026-04-27 08:23:24,8.829461566987991,8.732672716651756,8.514301738266148,92.89663630316565,93.14585482427763,93.46486436147558
2026-04-27 09:23:24,8.323782548304985,9.47594390470919,8.848038345241319,91.0147044089135,93.59865872353878,92.59537822678843
2026-04-27 10:23:24,9.333114003422525,9.337364468055627,8.046224524371183,92.38598855922508,92.81243921215311,92.34060063396832
2026-04-27 11:23:24,7.700653451222796,8.551273700910171,8.095866315866814,92.07172588685201,94.33829813251003,92.77002305261686
2026-04-27 12:23:24,7.907894511488182,9.152935268403787,8.20480951389599,91.79307783043456,91.10226255497035,93.36591541853846
2026-04-27 13:23:24,9.216581052946875,9.216137023775092,7.939148218796167,91.57192787669375,91.12092126267247,92.46907987872403
2026-04-27 14:23:24,9.342466163948735,8.18386555072121,7.806765846302515,93.45253616387112,91.8091643382566,92.99808524324791
2026-04-27 15:23:24,9.198487613503456,9.304647962172595,9.108516571997386,93.57507071960669,91.41150888127909,92.70195436877935
2026-04-27 16:23:24,8.942704359460736,8.387242298042997,7.8798972011682515,93.12714791149116,94.27087275007709,92.05927428911833
2026-04-27 17:23:24,8.94964281951664,8.198296338111744,9.017119866859094,92.99292226262506,92.61743271074629,92.40117631918477
2026-04-27 18:23:24,8.413241074438847,8.11204028133126,8.207093740211283,93.28510608659695,92.25753220292854,92.63372808783674
2026-04-27 19:23:24,8.340081505820814,8.465436662929434,8.327242759131948,91.00697055691403,92.0538797897654,92.11458101912096
2026-04-27 20:23:24,8.798886976725434,7.502901971960336,8.059370710361438,92.93969347972111,93.3317354592054,93.29266153905988
2026-04-27 21:23:24,7.821594935743213,8.934216405747586,8.27310223319933,93.17182154839759,93.93161979487904,92.94201706016123
2026-04-27 22:23:24,7.759514296632352,7.879849385765991,7.849441412403356,91.23390910632394,93.04367712491583,93.04982198707937
2026-04-27 23:23:24,8.388742849788155,9.161429453686369,9.090082631443561,91.68689581519855,94.35050511251904,92.58116859259061
2026-04-28 00:23:24,8.85562097910938,7.878440980969723,8.178513436391722,91.25579095557191,93.08783667325629,92.5214244773892
2026-04-28 01:23:24,8.922042794004344,9.787570443564189,9.184675196616974,93.95601219717652,91.37595141872255,92.78764219082527
2026-04-28 02:23:24,8.107993349710645,7.951657715568994,7.889735114264518,91.618567764716,93.17063965565671,92.81267597089347
2026-04-28 03:23:24,7.8659656586627245,9.666456027726142,8.452302274222651,93.72597721751404,93.43765062769374,92.28544513798116
2026-04-28 04:23:24,7.507166727446421,8.066362692780986,8.630425267611226,93.07203719012543,92.40667250618449,93.26754023298668
2026-04-28 05:23:24,7.673362187938522,8.312993031078546,8.247159535961378,92.5848698443738,91.37549359378697,92.64391517836388
2026-04-28 06:23:24,8.894151608899614,7.938056194745316,8.76531465581392,93.0241863731616,93.34352666699044,93.47813616790629
2026-04-28 07:23:24,8.03001105671893,7.88876937018084,8.774829473928103,93.50071851764778,93.25215514987546,92.08831235839162
2026-04-28 08:23:24,9.0329437051437,9.138122041932945,8.325739629899786,93.09990639845357,94.14570609156777,93.32163334234998
2026-04-28 09:23:24,8.489231395433386,8.591116807835517,8.998392113721819,92.32882270307692,93.50708444063231,92.08562833671665
2026-04-28 10:23:24,9.425783646248295,9.065631686188004,8.410609697824587,92.62372913660957,94.08292003766114,93.37737995300328
2026-04-28 11:23:24,8.689780981779876,8.031716227915805,8.590976796763371,92.59855820384524,94.23966142063703,92.43339812301211
2026-04-28 12:23:24,9.472960302222214,9.25162044407098,8.432073089188664,92.22458474226926,92.72956851967041,92.66213322256336
2026-04-28 13:23:24,8.818454018929696,8.04482504819514,8.523670534824287,91.32314537185982,91.06080078745823,93.3390356429524
2026-04-28 14:23:24,8.800895186676755,8.281268480710741,8.971606134763729,93.93522182144265,92.0481637393465,92.44291833805057
2026-04-28 15:23:24,8.014471875234571,8.820009701710292,8.112339061118494,93.64515691740611,90.62638644307995,93.34595480365552
2026-04-28 16:23:24,8.335366452852407,9.254315255645956,8.164357225508741,93.34351669933756,93.47207345114623,93.12396203156703
2026-04-28 17:23:24,8.150731442457921,9.247480943059767,8.85794581233499,91.00929593844305,93.7950458999736,92.52725195281909
2026-04-28 18:23:24,7.693255848612518,7.8423444861366205,8.245520364869042,92.17572779286202,91.56247700158445,93.43498564020243
2026-04-28 19:23:24,9.043434933884134,9.729887627068303,9.102011267098323,91.68119768457493,91.55321139122277,92.86553263963746
2026-04-28 20:23:24,7.600248767093633,8.147799252328245,8.973848762023115,91.28216324256758,93.7329241805481,92.09987332185125
2026-04-28 21:23:24,8.863166368823471,8.820330592846666,8.320298577245374,91.92384186785428,90.68635371699351,92.93505851521293
2026-04-28 22:23:24,8.681546170830899,7.884301959528854,9.027969028918953,92.23605614203531,91.64355187817189,93.00873915462573
2026-04-28 23:23:24,9.050691706846482,9.167336489010422,8.911124311958275,93.29783553549625,93.24117262694254,93.239687344554
2026-04-29 00:23:24,8.765499666926303,8.466507707135818,8.625665633962722,92.87221205318498,94.20921387288254,92.45183634381107
2026-04-29 01:23:24,7.578961395049079,9.051406871125637,8.627598849345413,91.89455670238024,91.01882879615195,92.90194874263636
2026-04-29 02:23:24,8.586623283648628,8.989307143644284,7.990804046786902,93.80765394362226,91.85745952860734,92.2310204724341
2026-04-29 03:23:24,9.155250663961763,8.04916613985869,9.099587379886252,93.42996694711063,91.58707545857769,92.43681861521205
2026-04-29 04:23:24,8.750128377960994,9.308081871430197,8.973524298248366,93.45969391768259,91.56925937726804,92.31081521707637
2026-04-29 05:23:24,9.191313987931562,8.273484358986096,8.719978436674499,91.63773555516727,93.61737174614152,92.24012341099647
2026-04-29 06:23:24,8.234285350959528,8.815764548693096,8.001489849079386,91.73443579286717,92.12633208965636,92.30840647286178
2026-04-29 07:23:24,8.696559810678286,9.618485719140402,8.628401288032352,92.40024126525697,91.25713105161475,92.28865819036811
2026-04-29 08:23:24,8.375793880603487,8.991943231863718,8.122509959882102,93.75433704643383,92.2537968652803,92.3183832506744
2026-04-29 09:23:24,9.10863921176285,7.8872920744838915,8.277658983876272,93.01780433919907,91.76156850055374,92.30965823659525
2026-04-29 10:23:24,7.774896060023986,7.350825062583495,9.009370920427585,93.37601843120366,92.39932569916982,92.72772253751616
2026-04-29 11:23:24,9.470515828027846,7.974287896022281,8.448829031736574,93.46407428269717,92.11492033424153,92.91001284688427
2026-04-29 12:23:24,8.485639475422182,9.09311105507049,8.652689169127417,91.72380423559768,90.6643085129865,92.45865255878208
2026-04-29 13:23:24,8.535200954460262,9.728451995743075,9.117452696433618,92.2266070155504,90.85293917783515,92.30265244888852
2026-04-29 14:23:24,8.177078704069741,8.371794407979984,7.977129076074486,93.46674032666299,91.2699116803226,92.946526557518
2026-04-29 15:23:24,8.267976474621015,8.238205150002182,8.674975826466241,91.40254706303968,91.62076614971052,92.62552358728645
2026-04-29 16:23:24,7.5202851430703,9.261310508979472,8.72144070654416,92.32764864117827,93.66165511457223,92.80204660792705
2026-04-29 17:23:24,8.691694313771,7.789125048668998,8.930804914171807,91.18991238437665,94.45168358951628,92.9981838149936
2026-04-29 18:23:24,8.673374447189959,9.774492822748137,7.944178725291444,91.23785004520323,93.43891913245996,92.88244410332081
2026-04-29 19:23:24,8.019749985046559,7.364023243376735,8.663719276890859,93.9556142264033,93.56367292495473,92.34130441645705
2026-04-29 20:23:24,8.866774099762893,8.505367342219344,8.414222060355828,91.04118521196717,92.88379338918074,92.63212947360991
2026-04-29 21:23:24,7.671675599439503,7.8060355712996135,8.835139091812458,91.93572788452636,90.82300858443463,93.40732557527122
2026-04-29 22:23:24,8.580070120973481,8.489942661140105,8.64515863642098,93.31047301973324,92.86641494969524,93.23167735701054
2026-04-29 23:23:24,8.476534336355712,8.017705239329258,8.437078819846754,91.42830052367822,91.52074547689699,93.47879901953941
2026-04-30 00:23:24,8.509108368214115,7.380494932893131,9.123327350555256,91.41218337644746,90.84537437230922,92.48089121856484
2026-04-30 01:23:24,8.679034713116083,8.074313525060198,8.110073320532525,91.83055992247303,94.00859197249643,93.35260748462497
2026-04-30 02:23:24,8.766795445509308,9.196957081597276,7.999029018780057,91.61401977082853,91.76771415018952,93.44430218947032
2026-04-30 03:23:24,9.167376309234303,8.416195814779945,7.870673891424731,93.66929831369495,91.26805699806071,93.22587131202167
2026-04-30 04:23:24,7.58724210224711,9.131249224874487,8.354346478615698,91.09291022683517,91.69525692026487,93.36335943225298
2026-04-30 05:23:24,9.031509879047835,7.423512881145754,7.8548605177300415,92.25654334458373,91.34707218570122,92.22933147824922
2026-04-30 06:23:24,9.195789767902333,8.608113878425678,8.194825299610237,92.65190847281318,93.03690778646335,92.7197984774572
2026-04-30 07:23:24,8.92117831754851,8.525764661197089,8.275680023894877,91.09062274563318,91.59372030326666,93.49455857779921
2026-04-30 08:23:24,8.371476630242446,8.330844478999884,8.108943438613466,91.47835393051689,92.58926008648329,92.31607168596341
2026-04-30 09:23:24,8.083687874010252,7.876815763175094,8.791053913015043,93.37223756327205,92.38979214179801,92.72026553559162
2026-04-30 10:23:24,9.4116692235586,8.317211512371294,7.843780743184668,93.08365271826595,92.20878030866507,92.40074249098534
2026-04-30 11:23:24,9.324052900407525,8.302666456009337,8.582446592036188,92.41116286481407,91.4687086537815,93.42615890280868
2026-04-30 12:23:24,8.015230917143752,8.209030640464338,9.110508633676599,93.73782678474304,91.94051442257219,92.89088154365812
2026-04-30 13:23:24,9.137319707806041,7.289748435012214,7.922325522872475,92.54341654005917,91.38412551344416,93.27439524708362
2026-04-30 14:23:24,7.629903931868181,7.300188226844447,7.88015662953866,92.06113607676397,92.33253544815523,93.22913993024088
2026-04-30 15:23:24,8.859528505055298,9.09337708898155,8.389663969742672,92.40775850445746,91.19391913651305,92.82646707203466
2026-04-30 16:23:24,7.700602864958283,7.427457164114536,7.870313502875619,92.65107033235078,92.1330681393255,92.93408481031327
2026-04-30 17:23:24,7.927188874859134,7.239116735404034,7.867537468141689,93.48373357014054,90.76813821544228,92.87112533892694
2026-04-30 18:23:24,8.28662758233439,8.487301052788329,9.019066941927733,92.20057579689085,91.93861255033363,92.93857881705806
2026-04-30 19:23:24,8.615674625606859,9.086161389144433,8.369807757988314,91.8570607817709,90.88624078453127,92.72488759423192
2026-04-30 20:23:24,7.574729734674325,7.777510921718469,8.4409333046684,91.82975113810757,91.39399859276082,92.38933114393778
2026-04-30 21:23:24,8.438630548531235,7.87673400881256,8.457431121868387,92.16617036031354,93.22267273075526,93.31812311743963
2026-04-30 22:23:24,7.737654568542523,8.38379635012016,8.415244882124476,91.37880378663658,92.99105898954255,92.51397417875742
2026-04-30 23:23:24,7.796418870314378,8.805228185442195,8.731438079633778,93.99972156757917,92.47179737123771,92.58266797821479
2026-05-01 00:23:24,7.586881513745714,7.532578713653944,8.707739468319016,91.5042124333124,92.25822900172736,93.49927304812482
2026-05-01 01:23:24,8.687779564851088,8.542759254295884,8.66602723797785,92.67516800801636,94.14129464395693,92.99303209156139
2026-05-01 02:23:24,9.139693871505001,8.641230193658258,8.670362024022507,91.52535193798902,91.6023155029383,92.65470022652777
2026-05-01 03:23:24,8.401677477765203,8.754723192948061,8.362849530729473,93.29283196094552,93.61443881717089,92.64659064714357
2026-05-01 04:23:24,8.387147164027924,9.338070768799195,9.123206369112328,91.27248437020845,93.6979994042531,92.2380759720854
2026-05-01 05:23:24,9.319034418776969,8.760018764334342,8.523454452491832,91.94721847392495,94.19063801861189,93.29408237576986
2026-05-01 06:23:24,7.834871654734172,9.075882661919913,8.941167348591287,93.58371855065168,90.81011606326648,93.33789617135207
2026-05-01 07:23:24,8.104278599811797,8.240729841449175,8.71115660135076,92.56007549894498,90.8254087766207,92.60401907254183
2026-05-01 08:23:24,8.590051873653401,7.591493121175609,8.10179777502032,93.93943462269951,94.2416752758651,92.72253505390377
2026-05-01 09:23:24,9.0565339683652,9.758867872148354,8.88205895217637,93.20235690117643,93.51851133463744,93.20134258183575
2026-05-01 10:23:24,8.182276325604017,8.182636746217142,8.335580279075012,91.73986120701817,92.41975324089479,92.4756260646185
2026-05-01 11:23:24,9.199708963089474,9.24888985926003,8.271175222310237,92.47745220622318,94.27185823833942,92.75978423600867
2026-05-01 12:23:24,8.7004698440376,7.787591551181367,8.462196131693169,93.85923792031525,91.42052344466956,93.02748327645484
2026-05-01 13:23:24,9.188291293708224,8.850798561813788,8.441337937529372,91.20353307343298,94.272218103122,92.07318946784596
2026-05-01 14:23:24,8.547573272325238,8.319279080219104,7.939640715412092,93.62157540965956,93.01535405828132,92.6857721751639
2026-05-01 15:23:24,8.052516429126369,7.456084057087006,8.423498132705623,92.38303591080918,91.6405975554555,93.0151892386509
2026-05-01 16:23:24,8.613493352981648,8.748938151514771,7.913437218717279,93.78485125252232,90.77415358815873,92.2892244400963
2026-05-01 17:23:24,8.007835661240456,7.562960463706623,8.559401563484085,91.55098942706488,92.22970510388377,92.23548025400113
2026-05-01 18:23:24,7.906673914729481,8.469744951244191,8.692926357670503,91.46795166580921,92.66834861400588,92.82030640137037
2026-05-01 19:23:24,8.990495069661062,8.017548048939322,8.434203026845683,93.20251898214079,91.07805784780447,92.84353796987749
2026-05-01 20:23:24,7.681934478300742,8.974650963082505,9.070365209355101,92.0662331202753,90.6602995107665,92.85250298862327
2026-05-01 21:23:24,8.907182040366362,9.728438278145113,8.616842534319506,91.89643991455794,92.51839979955817,92.51637972234248
2026-05-01 22:23:24,8.619075162944625,7.291329811492824,8.948067267529595,91.77980904818871,92.64889567219033,93.24776500258511
2026-05-01 23:23:24,9.101652008454915,8.365154962142311,7.842123301439738,91.96794394185646,91.08575525311909,93.23726726739727
2026-05-02 00:23:24,8.065413961862655,8.653859533114092,8.340762677190305,91.38296910016204,91.61202040328338,92.22336152965246
2026-05-02 01:23:24,7.740130653050138,8.710741130099699,8.003594739906672,92.8366993575715,93.58465775113869,93.33670239872295
2026-05-02 02:23:24,8.665862431122363,9.44722454457392,8.999154798382651,92.50527838753078,92.63008257376998,92.30532815416166
2026-05-02 03:23:24,9.079942360140619,7.634362323876479,9.128638519114187,92.00209668198526,93.7261015915901,92.54452133547169
2026-05-02 04:23:24,8.88997475750093,9.656761021121559,8.924938573583468,93.52307458718873,94.42681442320436,93.08724825818682
2026-05-02 05:23:24,8.814803713379124,8.077857423897957,8.86099816249853,91.82312616022159,93.76355173535097,93.34410450366286
2026-05-02 06:23:24,9.353500666623527,9.604815702634863,8.88946631553619,93.41025681097074,91.46463865601814,92.97300812544351
2026-05-02 07:23:24,8.345973875764635,8.606510896364004,9.131898900629478,93.39328109033956,93.91265748300681,92.87985875655505
2026-05-02 08:23:24,8.25739302298646,9.599697297700999,7.909299961418757,92.8637543674201,91.1808321037216,92.69483649753266
2026-05-02 09:23:24,7.5999459609528355,9.65629796221541,9.067059312054678,93.84682976236917,90.53618723033058,93.24790545180808
2026-05-02 10:23:24,8.209979370882257,8.021081362067868,8.009061706318192,93.69000809927012,93.84810512107536,93.06788477286896
2026-05-02 11:23:24,7.873702920761075,8.560985436074894,8.68949712179305,91.03201874209245,91.82446995745073,93.26944674535221
2026-05-02 12:23:24,7.873463781410276,8.870836770912936,7.926446186965067,93.60899712673236,91.1939770444524,93.13431586693623
2026-05-02 13:23:24,9.48944532869637,7.745310006037196,8.73174850984157,92.11485700619997,90.87347289301486,92.31944528126031
2026-05-02 14:23:24,8.738726810401614,8.605175594983328,8.345553073868418,91.97538060600166,91.86975423145608,93.05899518588791
2026-05-02 15:23:24,8.336294694585623,8.514187752744593,8.030665490694368,91.52721389431416,93.41272286893698,93.44336274306626
2026-05-02 16:23:24,7.917922052678627,8.377301136320295,8.976067595154799,93.36174603773085,92.47025393507349,93.34091196715832
2026-05-02 17:23:24,7.777952003201495,8.020745536579087,8.030218493056148,92.33977034343341,93.77754673322454,92.79854192765147
2026-05-02 18:23:24,9.280309870937272,9.36697480103549,7.993320023081612,92.3282786455268,91.39546109542395,93.32037273285982
2026-05-02 19:23:24,7.765133602610177,9.441775817611536,9.034724625142404,91.43779044095562,91.2204101152238,92.65164956860151
2026-05-02 20:23:24,9.379336396521753,9.019211118712226,8.632677812646534,91.88908234968454,93.81898611446739,92.63414937813121
2026-05-02 21:23:24,7.66734814174154,9.706288844715266,9.047309120703522,92.504705750483,92.66032804357936,92.27328260629672
2026-05-02 22:23:24,9.430122971271278,8.204761983295901,8.130596272177922,93.76538805162606,91.54739419743126,92.71069451720115
2026-05-02 23:23:24,8.424645654750933,8.202010680173906,8.283823816119453,93.23373331630347,92.73788670344386,93.32525787453365
2026-05-03 00:23:24,7.983285185893925,7.7452823168935545,8.151622754961771,91.21419245015205,91.75668075098855,92.82184040749546
2026-05-03 01:23:24,8.718858964798637,7.454809434760301,8.023303863309255,92.34226157559371,94.07341656340397,93.04563935984108
2026-05-03 02:23:24,9.218082102156249,8.79039142409558,8.525225490464331,92.9911202047254,92.62221322221903,92.40335750267806
2026-05-03 03:23:24,9.036715325722788,7.673295659337352,8.463272229793946,92.22152671696757,93.0910607015513,92.21391070832229
2026-05-03 04:23:24,8.452107556776657,9.233276755798029,9.122224350441826,92.8788290545601,92.20667708412017,93.34978936570603
2026-05-03 05:23:24,8.091641123747658,8.993126826326511,8.994627701620418,93.3278701735939,91.0129418919949,93.11335075929995
2026-05-03 06:23:24,9.227159147133639,7.647490820166063,8.705878135670964,91.80898114422367,92.84740388496249,92.8894054020881
2026-05-03 07:23:24,8.469981207492317,7.571508616754192,8.465572244037256,92.11131730481814,92.86633073979282,92.40372896318758
2026-05-03 08:23:24,8.334450875116403,9.776380582309407,8.00635623441291,92.89141793600446,93.50880624452373,92.32198851497606
2026-05-03 09:23:24,8.624817329339235,8.007313356019727,8.723222709748978,91.48265526365331,92.07712835309081,93.3299119116849
2026-05-03 10:23:24,8.031055951521989,8.29345461648544,9.108512437606368,93.80808493882203,94.06973523266834,92.00762892762037
2026-05-03 11:23:24,8.960342999330807,7.435435906127117,8.383132789029876,91.38854937460557,93.16916423688767,92.90567001491627
2026-05-03 12:23:24,7.792005267726596,9.416615730330465,8.296961115550376,91.5475711693815,93.48749381895023,92.42039213445213
2026-05-03 13:23:24,9.300283412361326,9.583160788829149,8.588458014379105,93.78145247021861,93.49858358392999,93.35689250631289
2026-05-03 14:23:24,7.528991348554618,8.565696043897926,8.085408591866498,91.51394695769434,94.32774489060407,92.09088511306248
2026-05-03 15:23:24,8.002088410586072,7.306841027383356,8.48521042461516,92.29671835691789,91.28013631735617,93.04269350621419
2026-05-03 16:23:24,8.360928078635917,7.841907444589342,9.11766806790305,91.95203471453173,91.87558905930102,92.89512662280276
2026-05-03 17:23:24,8.44647778589783,7.556827452807838,9.143749834895887,93.26665057752075,94.07442115756712,92.34142550697406
2026-05-03 18:23:24,9.101160749347596,8.579224207975676,8.002316218823506,93.73709587996996,93.68772131027389,92.5104849294958
2026-05-03 19:23:24,8.971554771978454,8.397851154368732,8.328348965059034,91.05698978797312,93.97438423247124,92.51995250851601
2026-05-03 20:23:24,7.749978017351023,9.332744636821397,8.628617683970818,92.96861077921369,91.44347864511319,92.43495948869274
2026-05-03 21:23:24,8.480507593978194,7.471368005400235,8.463668619236525,92.40225814883709,92.47370566700297,92.83438305100832
2026-05-03 22:23:24,8.77117717894828,7.423769650003321,8.159463845945226,91.02478115583494,90.83590848398698,92.58521635180895
2026-05-03 23:23:24,7.80874572438494,8.302093003555266,8.173536704002398,92.67000771840583,92.97956017106819,92.59090193445734
2026-05-04 00:23:24,7.520035583324926,7.395557952284951,8.51260712399895,92.26174728399496,90.50553079624143,93.37193807312943
2026-05-04 01:23:24,9.17823471743602,7.815398811169456,8.936337676618244,92.05888296417305,92.81800820342886,92.9870571571938
2026-05-04 02:23:24,8.19349815040572,9.607228523632115,8.167996166570793,91.45535162375751,91.84760033549736,93.01927658258437
2026-05-04 03:23:24,8.37075662484714,7.269129054612159,8.546328010576183,91.45574322450703,91.5854432286934,93.29918842831636
2026-05-04 04:23:24,8.896184361766108,8.939946802300366,8.663537494084615,93.4810505189309,90.61715260198564,93.00069205783275
2026-05-04 05:23:24,9.12508485359472,9.073179020553763,8.603275733888834,93.27666474791465,92.92214931048268,93.19119480516268
2026-05-04 06:23:24,8.681340878231074,7.461578849164354,8.315636275930421,92.9936349468961,90.64841302868965,92.3458278432702
2026-05-04 07:23:24,9.49067151067863,9.444508163010005,7.968901871966176,91.90040802016334,90.56022786136272,92.96497309106064
2026-05-04 08:23:24,8.203753127583385,8.052021635998749,9.093594760931175,91.34805221784337,91.15726116916265,93.13092101223819
2026-05-04 09:23:24,7.883287931842038,9.465778429175717,8.44037263150066,93.06865440616532,92.26306109627744,92.79964174211229
2026-05-04 10:23:24,7.969678315296527,9.645038395142683,8.238798195828585,92.31427276076296,93.05521354702667,92.90977630409992
2026-05-04 11:23:24,8.0814242875525,9.67938291435628,7.896603016409,92.66619523883587,93.12702004978391,93.40698345889928
2026-05-04 12:23:24,7.962698779069324,9.077350168497073,8.965447436064373,92.33285070707862,94.45587115917154,93.43392037471173
2026-05-04 13:23:24,7.804600148708154,7.8056466993200715,9.030066329061906,92.43683730160191,90.58522909950106,92.01013985658166
2026-05-04 14:23:24,8.340626681311916,8.273613042540624,8.080978047707829,92.88422672083055,93.78544784768611,93.24187600784383
2026-05-04 15:23:24,8.612375231315834,8.446059551890103,7.981704071367651,93.37209588500988,93.8563139474004,93.00756873976071
2026-05-04 16:23:24,7.635749096968474,8.220044305915279,7.8540116892129594,93.41871101522668,93.66990358264546,92.51795486551435
2026-05-04 17:23:24,9.496410715259962,8.84571196655736,9.123878075121114,93.90489349343349,91.16120804680448,93.46851552885924
2026-05-04 18:23:24,8.746313181966801,8.766572781601882,8.098442151320407,93.91166142971736,92.31733799566098,93.43604310284772
2026-05-04 19:23:24,7.901873590029421,9.745557626484395,8.885072016561505,92.59213662885801,94.19423100613183,92.55545456819274
2026-05-04 20:23:24,9.4664449154556,7.888345044685244,9.114754629320299,91.91675545662228,90.66895129225865,93.10398002499595
2026-05-04 21:23:24,9.313876786556884,9.345501894563743,8.951329751177497,92.83616140767998,91.95103680675523,93.4544410892726
2026-05-04 22:23:24,8.810469165181901,8.883111944470754,8.696412079413056,91.03189568213007,93.10437633784056,92.34609915067799
2026-05-04 23:23:24,9.179132476590746,8.95212560476568,8.611452611233947,91.13123060658936,93.44847301949935,92.53060055728412
2026-05-05 00:23:24,9.100137005758697,8.611341074841706,8.733865839000856,91.06198157957147,90.79792418583799,93.39886523772114
2026-05-05 01:23:24,7.746774838806404,8.31494256893942,8.643114667136908,91.34215536544906,92.8494551601674,92.8686718712824
2026-05-05 02:23:24,7.795442803169859,7.437952206761939,9.056038849427628,91.27124615362106,91.92895944452916,92.64932288207018
2026-05-05 03:23:24,7.85089655906527,7.64977465654769,8.86189040295752,91.4632161100425,93.15572221830563,93.07233403291447
2026-05-05 04:23:24,8.18535910958808,9.639068631521294,8.494145608743096,92.03604587229862,91.51518946797916,92.20166926926805
2026-05-05 05:23:24,8.52406834299459,7.68510524683717,8.149414547549037,91.64595578021938,90.73527829262171,92.74247840829366
2026-05-05 06:23:24,8.138583927002522,7.417465415481711,8.913839257277338,91.43587938908757,92.3343248156927,92.68836579918887
2026-05-05 07:23:24,8.77501084421865,8.317826213944047,7.805692019776722,91.28825701844022,93.4073820298035,93.49799145568039
2026-05-05 08:23:24,8.39285889484516,8.081939995487456,8.195299909056748,93.13217199152206,93.64398140619896,92.27135197314689
2026-05-05 09:23:24,9.398886794078955,7.35781942424049,8.896953978775421,93.35712005121638,90.98744527944416,93.01305553588642
2026-05-05 10:23:24,9.228726848905838,8.209759165438884,9.093977246138234,91.23234163400716,91.4909632707727,93.14734722278408
2026-05-05 11:23:24,9.462808003184874,9.77045873491774,8.926099446265898,91.20727206792205,92.72046869821199,93.04773267195792
2026-05-05 12:23:24,8.49063281927996,8.72876996039103,8.715238783692511,93.14983320273004,92.57370512972035,92.60707099697379
2026-05-05 13:23:24,7.65911031075423,9.238828194559247,8.331723158003422,92.92070738608719,91.9341607381996,93.45337977695222
2026-05-05 14:23:24,8.780372668215747,9.251253916033788,9.150160248078798,91.08711040488362,93.17389514109841,92.64211994297983
2026-05-05 15:23:24,8.836133566186334,8.805529489151668,7.92280790003987,91.30062884981045,90.89893236153645,92.91381573806098
2026-05-05 16:23:24,9.130330591893934,7.87694485981778,8.964315721388989,93.11268956335597,93.42531612795386,92.72423488844991
2026-05-05 17:23:24,7.931359558632509,8.130000555098244,8.368970461728697,93.4842449696141,92.23288237623527,92.55298125517733
2026-05-05 18:23:24,8.637072102433068,8.869450521371377,8.724248429428165,93.78695079793523,91.40827763638877,92.1759830309999
2026-05-05 19:23:24,8.861078827950955,8.512039012105415,7.961161174367564,93.96364991390499,90.74247164271534,92.12473167997338
2026-05-05 20:23:24,8.479970252814903,8.952365579814124,9.058180100390809,91.92285516430412,91.01175953175309,93.40996802800157
2026-05-05 21:23:24,8.756262943343913,8.930871187049375,8.344929076637891,92.720375610732,94.04085376020977,92.34635197840348
2026-05-05 22:23:24,8.521944240549097,9.544675957301614,9.027493080717393,91.21543985130367,92.75068731073226,92.52040903631843
2026-05-05 23:23:24,8.513283842776938,8.278081029306763,8.551837661882537,92.23214975889971,93.037684217244,92.38884360776565
2026-05-06 00:23:24,9.217268068929968,9.51826363939788,9.02948939334184,92.66015788894359,93.53368434026412,92.12810347333568
2026-05-06 01:23:24,9.459169263338655,8.405062476339996,8.777015269735623,93.72140536589187,92.88088393198981,93.1791266192189
2026-05-06 02:23:24,9.018643720408345,9.107134431101507,8.709105188835101,92.89045928628293,93.43119556270675,92.06644079213322
2026-05-06 03:23:24,7.578300295621063,7.354067841267794,7.868756549648612,93.36173990753791,92.62694252677036,93.16118718506425
2026-05-06 04:23:24,7.626562113601063,8.160348096228727,8.746372964333174,93.43106802578062,91.6319105912366,92.04116593742494
2026-05-06 05:23:24,8.189327133481294,9.096387906269202,8.225079637446148,93.03199757258979,90.69137101920836,92.1000369934836
2026-05-06 06:23:24,8.939360455511423,9.375821081317458,7.840662864308647,93.29135451926857,93.74202002275004,92.78964270858818
2026-05-06 07:23:24,7.898323006331398,8.489659483139366,9.00632955542585,93.2883180279123,94.40498114280034,92.65786793057428
2026-05-06 08:23:24,8.114719584924456,8.94941603894966,8.455025550581341,91.03422020182813,94.0483027257927,92.6516607713684
2026-05-06 09:23:24,7.546737365045519,9.65402390364403,7.948785989821506,91.09725984038009,91.96231772898074,92.78691187429223
2026-05-06 10:23:24,8.218122738840304,9.186482422760033,8.186031339814377,93.023108359042,91.43695876099818,93.25773002062971
2026-05-06 11:23:24,8.40271907904856,9.365332383521732,8.8954329356099,93.46368007195056,93.55013602320875,92.33826908976089
2026-05-06 12:23:24,7.8701987951599675,7.816376258670159,8.390219318510631,92.02293850496677,91.58286590306007,93.04887328456556
2026-05-06 13:23:24,7.844453019507766,8.739516469489347,8.443857635927674,93.81622319902463,93.82165251370824,92.3832206125047
2026-05-06 14:23:24,8.124093251619614,9.734724238891662,8.717230400726095,92.81519225158706,93.89419746041477,92.08271496321075
2026-05-06 15:23:24,9.446296732712632,9.321497773333546,8.227200006463445,92.4587638877144,93.87278034481304,93.4893877746322
2026-05-06 16:23:24,8.304923127135863,9.036560621751137,8.196332101203833,91.92825793447254,92.10257656490073,93.12630328946462
2026-05-06 17:23:24,7.766068952313287,8.45675553638855,8.217659268072827,91.1958929946958,92.99436404844,92.98556032170394
2026-05-06 18:23:24,8.568979409673405,8.433954081153455,8.42806817460764,93.43875480822251,92.12344023845303,93.42222758302297
2026-05-06 19:23:24,7.64068435686006,9.002580992603878,8.804997605743491,93.19226779533591,91.6164398797248,93.46351160702444
2026-05-06 20:23:24,8.761950101834024,8.0729942601147,8.941499536778124,93.55573389454197,93.54733856509628,92.51853562073964
2026-05-06 21:23:24,9.323204642480276,8.730836082341948,8.432660062646208,91.0184967670105,92.63999421708087,92.1418376025866
2026-05-06 22:23:24,8.492372731203671,8.579555918113986,7.935029792612419,92.37756028777439,91.55196380112378,93.32774401873718
2026-05-06 23:23:24,8.03174507866258,8.423128687393405,8.694854122938256,91.67210616408035,92.10092754055643,92.04645483528319
2026-05-07 00:23:24,7.82181793599936,8.162680925703738,8.06035293073597,92.92450224023762,91.26207973504611,92.55040266242624
2026-05-07 01:23:24,8.271062143744674,9.590958356834044,7.856478247967762,91.8222720066236,91.35751601784136,92.51228049669501
2026-05-07 02:23:24,9.399651330596042,8.933102772620062,7.8869766870950935,93.91826476761838,91.42069919432744,93.4095891821067
2026-05-07 03:23:24,8.12918525550462,7.442855101189578,8.210182522584034,92.01588159956049,92.3717475863136,93.27442439056159
2026-05-07 04:23:24,7.503537220363096,9.592873300720123,8.277516450769161,91.50642816754431,91.20553115188098,92.20002606991916
2026-05-07 05:23:24,8.516574886020639,7.59164145584611,7.8502038281813595,92.5102304551076,91.52498990649468,92.74639536867808
2026-05-07 06:23:24,8.386848210893364,8.50883777205846,8.111048225738493,91.50063433450914,92.46842763474945,92.89219970474934
2026-05-07 07:23:24,9.1595195670242,8.974562542105263,7.857288315530827,93.95193183443857,94.30551262379096,92.7379939330263
2026-05-07 08:23:24,9.274650365012315,8.348608339186017,8.280877548366359,91.67173831088992,94.18074623467335,92.62801491036956
2026-05-07 09:23:24,8.647450826603768,9.16554427778811,9.10476925363678,92.95344422035421,92.5760342723153,92.12527705085353
2026-05-07 10:23:24,8.957581544152887,8.613920950541436,9.181282441553433,91.39462790407475,91.78930081366005,92.5130270909406
2026-05-07 11:23:24,8.671906135704816,7.246262037134136,8.608690274072408,93.75598413913032,91.72213944521054,93.13411209266971
2026-05-07 12:23:24,7.902498983017983,9.328494326814237,9.14174679606187,93.60330509877987,93.21786539648343,92.85398163117715
2026-05-07 13:23:24,7.893175149877731,8.962291331301312,7.888993659590209,92.8705415782911,94.24263950395672,92.07283373014337
2026-05-07 14:23:24,8.362986104704595,8.721280140429137,8.85622446549568,92.32694513660546,91.24717513372184,92.73967507490777
2026-05-07 15:23:24,8.357028193462297,9.58116419780815,8.421315325450156,91.59526756613388,93.62252451056332,93.36427602818138
2026-05-07 16:23:24,7.881769796195256,7.8033232409084,8.758400758608657,91.88138540058915,91.7599797920493,92.37261084294325
2026-05-07 17:23:24,8.241360953284474,9.242312870973567,8.791217444209346,92.04429472783848,92.87798846024562,92.4901924310808
2026-05-07 18:23:24,9.331171652478986,7.224305499798615,8.142570628733202,93.38478702670314,94.34741795091637,92.21843973200015
2026-05-07 19:23:24,7.88725951640702,7.616847439315824,8.781157232279334,91.74532810066249,91.66027245771457,92.09157912036022
2026-05-07 20:23:24,9.446843960935727,9.314379350127316,9.063357348871074,92.24866239207547,91.09822419149071,92.93126573978428
2026-05-07 21:23:24,8.488631043478797,8.299411368122927,9.14179645464533,93.46906064722597,93.26648423110727,92.46994841842435
2026-05-07 22:23:24,8.689937687425902,8.180787630308304,8.0493548091001,91.67254224941523,90.76787329867597,92.59036151336069
2026-05-07 23:23:24,8.361666561055952,8.96252479386564,8.566277659399148,92.98503411358989,93.91557397806616,92.28101910536823
2026-05-08 00:23:24,7.680467638940663,7.991718287578863,7.988705502914822,92.68007361747753,93.83432511283912,92.52017376284329
2026-05-08 01:23:24,9.390495046303796,7.218083812313828,9.118218367130536,92.03859375055075,94.21795445700761,93.34668663270139
2026-05-08 02:23:24,9.182628493407258,7.605862034596821,9.059492219036558,93.59896084703334,91.47087616604547,93.42053719204085
2026-05-08 03:23:24,7.831371379723811,7.915260620963448,8.476751812750454,91.31738095871606,91.58709781390333,92.05126605861267
2026-05-08 04:23:24,8.78733542589973,8.123230234933732,8.9572046582807,91.75780979162282,93.04642565679319,93.20431815573004
2026-05-08 05:23:24,8.83447977246567,7.776270602824998,8.088666830647728,93.67345653674367,90.61144851781194,92.83246524492526
2026-05-08 06:23:24,7.692902561870284,7.801422093950735,8.907131565974355,91.3123582219938,91.8753410229196,92.71789704894559
2026-05-08 07:23:24,8.191112648406213,8.98432214324398,8.096013864187183,93.51995880700557,93.94779073540644,92.26422331648841
2026-05-08 08:23:24,7.785033309335937,8.490983353486028,8.155382496467901,93.5551733300869,93.80563109801616,92.11701863959958
2026-05-08 09:23:24,7.910423634667521,9.642192267517478,7.800137063124212,92.91667145104924,92.88776464130042,93.199601645002
2026-05-08 10:23:24,7.877562167165153,9.315963681756216,9.073985006063852,92.69275033318657,93.821811843262,92.05884934573052
2026-05-08 11:23:24,8.929457474192503,9.04295159780513,8.608507334240448,91.54248574847611,92.83783294798009,92.5941223548326
2026-05-08 12:23:24,8.227209639515811,9.358199321648,8.069095050359833,91.56664653596289,91.27959917867253,93.29157130863628
2026-05-08 13:23:24,8.541172224220425,7.667685810729214,8.381302725429046,92.45005577255384,94.49548180277142,92.79187132353331
2026-05-08 14:23:24,8.775886165507327,8.63775830071512,8.249864388041612,93.83083052835096,91.83124034842403,92.6890972652013
2026-05-08 15:23:24,7.586523379873375,9.114897867476573,7.981820323685457,91.71407969795496,93.46648209677167,92.1977749931735
2026-05-08 16:23:24,9.415619571016036,9.626658645351199,8.228052989161412,91.34415109918163,93.37664744425047,92.04031184330952
2026-05-08 17:23:24,8.432507359445484,8.361911351574559,8.244991384962255,93.22670383103393,92.52609080799904,92.53123529619197
2026-05-08 18:23:24,9.138270771431714,7.55124801447901,8.312673432065699,92.77168606767337,93.93228757183056,92.4372295155551
2026-05-08 19:23:24,7.853309775519675,9.61530653195894,7.808066583622488,92.43123945606139,90.65780357346829,92.9621564389513
2026-05-08 20:23:24,7.915869045826356,9.002295202998415,8.364416212032271,91.14982058274671,91.58309960106912,93.38447126536678
2026-05-08 21:23:24,8.099602719116163,7.798959214333282,8.756327718545073,91.13835221364143,91.68504712481433,93.26095231631307
2026-05-08 22:23:24,7.573019018245288,8.97889878003425,7.99079792293303,92.57471894862536,91.4920295290412,92.9757475103054
2026-05-08 23:23:24,8.318648704421436,8.675680851089485,8.113828544810556,92.92521591792203,91.73420686187382,92.71734286973455
2026-05-09 00:23:24,8.73692033772152,7.561340181552949,8.525253773274512,92.88907780472213,93.59570596048215,92.75850546079404
2026-05-09 01:23:24,8.712233300028567,8.36912956024539,8.765598364793984,93.4269290775392,92.34543674443775,92.87431934594431
2026-05-09 02:23:24,7.537736894915884,8.368220820285165,8.932317075789172,92.74645703172985,91.96943918449026,92.75971106506444
2026-05-09 03:23:24,8.003100964073194,7.2138407016282,9.1532563611756,91.66014548690329,92.75197075874644,92.65061400432445
2026-05-09 04:23:24,9.453555943173177,9.070371582437863,8.82016096129407,92.10710811326871,94.18631425056738,92.08871561784976
2026-05-09 05:23:24,8.141701449654299,9.114556691058588,9.193765765219363,92.34943268959353,92.13351584363113,92.37743735477875
2026-05-09 06:23:24,8.91439751015643,9.392559680186888,8.130203795435513,92.69688991713716,93.26282705362826,93.227178300174
2026-05-09 07:23:24,8.398625528781329,9.552203387540885,8.344260491816073,91.3507327232666,92.25652731355201,93.32450252600881
2026-05-09 08:23:24,7.62132075286814,9.517626053657736,9.052135748300639,92.03179353233097,92.46973572821958,92.43938427358384
2026-05-09 09:23:24,8.12403635342919,8.88035263997752,8.864826294695675,93.24197557562233,90.71379498929664,92.32937849371527
2026-05-09 10:23:24,9.167237161836036,8.25776283701046,7.8308524620526265,92.92453214039297,91.9941707259311,92.94928693474674
2026-05-09 11:23:24,8.00870849514291,8.65068539772172,8.41908252229649,92.36008387465888,91.9296579451336,92.29064982437428
2026-05-09 12:23:24,7.666852676617972,8.458959933344824,7.89105763233302,93.51454855761914,93.65044733852281,92.51465008041637
2026-05-09 13:23:24,8.492014348471784,9.0379048010536,8.393185316687278,93.2950858706855,91.72870671053738,92.1398215193642
2026-05-09 14:23:24,7.70915477891213,8.024564912474906,8.78006996466508,93.45944866277118,92.50738926760305,93.01706532764885
2026-05-09 15:23:24,8.849207567388648,8.16928034237869,8.684382076841372,91.46898713680437,93.18560066474078,93.06487607924062
2026-05-09 16:23:24,8.742126358872724,7.94662962059295,7.828334201516341,92.99240187592356,91.76997529963727,93.03263828217511
2026-05-09 17:23:24,8.951215746072748,8.675606293621833,8.311642647547906,91.31807901523408,91.697632752999,93.33694939881944
2026-05-09 18:23:24,8.320389196355624,8.358140217823385,8.641660131204494,91.83053664883379,91.44971067112833,93.44488637383527
2026-05-09 19:23:24,8.698023533347554,8.096634754380137,8.4173687063443,91.51490092122549,94.15533520205065,92.1956210673684
2026-05-09 20:23:24,8.250386982896801,8.091305650950387,7.998170746503076,91.43199062232287,90.83542300703508,92.87104813302652
2026-05-09 21:23:24,8.76730304167031,8.449506449151059,8.87571707526715,93.48732398330743,92.13603181992521,93.27388961856433
2026-05-09 22:23:24,8.735572932722073,8.570195844809858,8.152057429650718,91.94901498866741,91.61393154767364,92.12467269915123
2026-05-09 23:23:24,7.572123771808206,8.18858129323271,9.03030654223857,91.77885424724475,93.4949777301734,93.11444330925013
2026-05-10 00:23:24,9.487312485837485,8.228977365814421,8.579458567183506,91.33867266309433,91.91470845303581,92.38916060415629
2026-05-10 01:23:24,8.533134986906553,7.464527931402336,8.056058001019295,92.08234533000098,92.56307880585653,92.7420857762696
2026-05-10 02:23:24,8.775551926295705,9.656627399484341,8.915479721608687,93.43958871831617,91.53203225440241,92.04680323149357
2026-05-10 03:23:24,7.904478133151926,9.68250915423204,7.8858260216992315,93.06730507874917,94.23810120587912,92.64968954930337
2026-05-10 04:23:24,8.44193585162296,9.533984508075099,9.097871821028633,91.38606002864012,90.56396373345191,92.84990725772276
2026-05-10 05:23:24,7.819482764612374,9.10395683784544,8.944837148887824,91.9479781233815,92.85475229349528,92.49617888375049
2026-05-10 06:23:24,8.374621593713385,8.170514910384687,7.866165405063351,92.32372248104875,91.88584963052139,92.31125561065434
2026-05-10 07:23:24,9.228046786346331,8.302952072713817,8.003889139687532,92.15593291281597,94.27332627659612,93.16112247084281
2026-05-10 08:23:24,8.643350063501055,9.490345434952243,8.4888845978027,93.3978541105405,92.23278526614766,92.82818835099542
2026-05-10 09:23:24,8.225800249894009,9.597905066549567,8.150489277491273,93.77913811547687,94.11332227525169,93.12129563444422
2026-05-10 10:23:24,7.581303066323012,8.208330666020986,8.930204791037642,93.80213625249495,93.16615605064635,92.18056918356523
2026-05-10 11:23:24,8.28949727743691,9.638846248657217,8.978251333619012,91.16168951029566,91.9701300711449,92.75010575546096
2026-05-10 12:23:24,8.267678629405228,7.704449658595611,7.990262415036974,92.05264523849833,91.14099918982141,92.97902404532154
2026-05-10 13:23:24,8.625936278636882,7.676152987579242,8.852430871105181,92.29676058234114,93.54565148618144,92.72643279153885
2026-05-10 14:23:24,7.943776134597808,8.213019879251588,7.993085545619839,92.57559350444333,91.02467797313061,92.76941634529152
2026-05-10 15:23:24,8.48728828856818,8.296293951506085,8.208199629633208,92.43920487922173,93.13550724976015,93.15025309331476
2026-05-10 16:23:24,8.83239374927231,9.413358671437209,8.796373303720065,91.90936696332552,90.99265490036032,92.11113966344213
2026-05-10 17:23:24,7.950874272427166,8.932883908799173,8.593672723047016,93.61460791943891,92.75344471561732,93.12177436804971
2026-05-10 18:23:24,7.560947363023117,9.52616154333748,8.303133653523377,93.28362076341115,94.41762791743025,93.26022266779691
2026-05-10 19:23:24,8.269632409028597,8.747388557343193,8.279817256868474,92.6118989828413,94.2304992867694,92.53222703206175
2026-05-10 20:23:24,8.941314520907062,7.717886046584611,8.740088532756658,93.03573367681287,90.891335254114,93.06338317329075
2026-05-10 21:23:24,8.55678069848721,8.125214076856057,8.288665371200976,93.1327514898193,94.22299022082397,93.22427808675697
2026-05-10 22:23:24,8.016668979326084,9.776154657969933,8.003409192871333,91.50173309667814,92.26920008534015,93.17812828366243
2026-05-10 23:23:24,7.919828832826842,9.138668805146429,7.8312099854694495,93.79401384196314,93.04835837190154,92.54952461676163
2026-05-11 00:23:24,9.355255584927068,9.051797847079689,7.89420247004593,92.98810680128716,91.5264307427793,93.0376709374588
2026-05-11 01:23:24,7.915043836564449,9.21690713996669,9.13526175986177,91.5106922042644,92.14211545920372,92.78366795374558
2026-05-11 02:23:24,8.737925057911795,8.299371696644341,8.658061009663594,92.67839294732819,93.82715265278169,93.26368769036705
2026-05-11 03:23:24,7.778418906388441,7.3441300196783414,8.775975586364273,92.22777289519998,91.21291889368214,93.08258030135792
2026-05-11 04:23:24,8.705044078498357,7.726640273127744,8.463015770315225,93.88509693623267,91.17783130515114,92.7168213523552
2026-05-11 05:23:24,7.64717235181958,7.859727519843857,8.321193406873123,91.56343347589181,94.25152034105098,93.43694769521181
2026-05-11 06:23:24,8.983093753833055,9.717825295344312,8.176091724333212,91.98159142833087,91.50899633719979,92.74454932644772
2026-05-11 07:23:24,9.360405804886742,8.190971660471178,8.325812146832469,92.30364575027413,94.3711432226893,92.29120477477693
2026-05-11 08:23:24,8.009728345471926,9.76956541238887,9.151027196789055,92.29320712204735,92.9514093964524,92.21915707443883
2026-05-11 09:23:24,8.68160097866911,8.608426882049597,7.865972227161462,91.37296802265972,92.44283466415625,92.58730911271599
2026-05-11 10:23:24,9.33954434380685,9.734663973363137,8.292384722889052,92.42767310860089,90.55460862337927,92.01952153566847
2026-05-11 11:23:24,8.56110197804081,9.7219761434732,8.291648615863467,91.96614095398861,91.7678323224288,92.99582015546166
2026-05-11 12:23:24,8.240494994059839,9.229866725992757,7.91572870358925,93.85028993566385,93.54431352142313,93.11276926417064
2026-05-11 13:23:24,8.729993187235031,7.680401141655239,8.76373926312851,93.13189129395836,92.44802209078868,93.0284336274677
2026-05-11 14:23:24,8.61383668685746,9.225586962820847,8.872056603926989,92.79255656331384,91.24062820920638,92.76633595718823
2026-05-11 15:23:24,8.829380047550792,9.37365838026713,8.452725929653488,92.98586569005047,93.08128981155717,93.22152071940646
2026-05-11 16:23:24,7.730001527246419,9.338878406672837,8.434475821862291,92.73646067501696,93.98731944743646,92.46283411726168
2026-05-11 17:23:24,8.321732254201489,9.731293116835182,8.780753578196235,92.31534223314547,91.17756227640513,93.24685846450556
2026-05-11 18:23:24,9.29479520180102,9.167469681589543,8.980189900560456,93.73412178688605,94.269327754733,92.9610449077524
2026-05-11 19:23:24,9.321149782656528,7.738629629251894,8.028421099273965,93.7404060843168,91.57739164387328,92.37216933022059
2026-05-11 20:23:24,9.257981072049551,8.023950108726684,9.068917723062924,93.10918628079759,94.34955175082507,93.17031026318288
2026-05-11 21:23:24,8.565054447672212,8.21812156880676,8.676770114688976,92.31382403006805,94.1905588098795,92.9480069412672
2026-05-11 22:23:24,9.443053911366002,7.972318170117274,8.878181198866951,91.3692547215907,92.4865282785085,92.66306411360623
2026-05-11 23:23:24,7.8018391319858935,9.423682804467182,7.950953635284819,93.57398227437741,93.95043612944578,92.11757170789528
2026-05-12 00:23:24,7.664093347342588,7.671672631668945,8.849997301823304,91.05818215453125,92.91821088628969,92.74025826615848
2026-05-12 01:23:24,7.5940715851128315,9.139153474908722,8.257134307693715,92.76372231919265,92.10762267932705,93.19904585206568
2026-05-12 02:23:24,8.0015603966158,7.55374870127696,8.44404493549425,93.9839814898461,94.12327994061134,92.0728891086179
2026-05-12 03:23:24,7.539536692676343,8.686073721504837,8.639237348691198,93.1981251477187,93.86574856666088,93.42214890553768
2026-05-12 04:23:24,7.78380482983094,8.553391474706103,9.172318712410057,91.54346641017926,91.96346236750543,93.0046781703244
2026-05-12 05:23:24,9.335688987577825,9.386423630415145,8.955666188251753,91.73707092003362,91.06206657985963,92.43824032558953
2026-05-12 06:23:24,8.185408101063695,9.081093338043228,9.165223766818151,93.08349245563444,90.78229792551578,92.15788422562515
2026-05-12 07:23:24,8.22296251538588,9.19637508035325,7.88497227988161,93.18341587474082,93.73540718016092,92.18343573717664
2026-05-12 08:23:24,9.296297968993205,9.368303921795722,7.962275455769902,92.65517811283178,90.57345495601471,92.42754118469635
2026-05-12 09:23:24,8.327096231506255,8.746212247261537,8.815609589975121,93.2232977201902,91.41947418550882,92.87145236278494
2026-05-12 10:23:24,8.351336814500764,7.3312731817532555,8.571022203865809,92.89539773000888,93.49805197241623,92.26629660966447
2026-05-12 11:23:24,9.222623186390969,7.799022296667688,7.877526726174666,91.87063765411553,90.52234101702629,92.47701409228816
2026-05-12 12:23:24,7.829387595586681,9.470576599721651,7.96845559593675,93.32477354530393,92.72388263920907,92.18894057001157
2026-05-12 13:23:24,9.494006240552698,9.232763645636755,8.023530789958206,93.925716777689,91.9557806970337,92.751475990019
2026-05-12 14:23:24,7.872032288489983,9.557414958329074,7.8673323390975405,91.77712072897889,91.97551127903974,92.29701096491783
2026-05-12 15:23:24,8.830082327302666,8.957570452209895,9.07770290048415,93.40136536208598,93.8926109472397,92.86345649379618
2026-05-12 16:23:24,8.437384474635731,9.226351365314349,8.105770443676436,92.79289831840592,92.74194766010194,93.47400860945471
2026-05-12 17:23:24,8.2505758688286,9.68914438123973,7.933690284225151,92.76268912083484,92.5220725240868,93.3540785042651
2026-05-12 18:23:24,8.697062333531726,7.208710427269632,8.188414325807525,91.05527301743322,91.11008955868576,92.41287794423988
2026-05-12 19:23:24,8.712224669224065,8.95162258529843,8.809349008763892,91.77973472861785,90.66946747112294,93.21857477108387
2026-05-12 20:23:24,9.10033168761974,9.72350244607112,8.613965007371752,91.61226393557124,92.96163115232301,93.21377707951929
2026-05-12 21:23:24,8.485076149382706,7.503554688916358,8.166413904301166,93.47761908657924,92.85831570386891,92.12663055299025
2026-05-12 22:23:24,8.591435304757054,9.086720452807509,7.855461161005243,91.39231907394178,92.37569557881392,92.258604203193
2026-05-12 23:23:24,7.823700928513313,7.943836594321933,7.90694560950311,91.42899923914614,92.05756853428649,92.17631741545101
2026-05-13 00:23:24,8.794360030445095,7.425525425916775,8.810218809235332,92.21604110777123,91.58299706518768,93.1432706860219
2026-05-13 01:23:24,8.878235590374764,7.834666689711082,8.957239573559251,92.92314894823194,91.3072964827208,93.0312884133406
2026-05-13 02:23:24,8.944722400077827,8.458708944611363,8.48329792893978,91.61227212920986,92.00543185219436,92.02900495002193
2026-05-13 03:23:24,8.948663426967423,9.10468193821252,8.840238581488023,93.25241439563554,91.1115562946208,92.68209126314281
2026-05-13 04:23:24,7.766217098009908,7.68351897368369,8.3126079293088,91.27397718538326,91.71516888832527,93.35258227367753
2026-05-13 05:23:24,7.544308974863598,7.468804968792859,8.448026049617244,92.08657413554053,94.43285975792209,92.24763561177555
2026-05-13 06:23:24,8.90394528799681,8.560840218758614,8.997864606320027,93.10557007619873,93.485907940455,93.09554614375756
2026-05-13 07:23:24,7.727447244061451,9.425111012059679,8.206122462121709,91.8078676419744,94.24605275204979,92.0724038832665
2026-05-13 08:23:24,7.858168105858352,8.309890033180544,9.143900208273648,91.30694779733753,91.26541357711893,92.4606962321424
2026-05-13 09:23:24,8.011448899979332,7.442093092910491,8.007202723690213,91.09696043673394,92.51757591887178,92.69569649368975
2026-05-13 10:23:24,8.58364069017397,8.155812149137232,8.636267260758974,93.37043008237866,91.26134071207144,92.52964891454607
2026-05-13 11:23:24,8.478554980091912,9.664501100660177,8.109491289482524,91.0897754812533,91.25209489780764,93.25731590294967
2026-05-13 12:23:24,8.647842290423982,7.5154156060727,8.28338605226227,92.26248233765546,93.62872380188952,93.44275260329873
2026-05-13 13:23:24,7.9463514921533305,8.536602786815035,8.97038157260102,93.80012685829635,91.79128971544796,92.67187441364598
2026-05-13 14:23:24,9.170018301616295,9.3935956789573,8.001678817182194,91.52201064828806,90.8498567227063,93.31436014109899
2026-05-13 15:23:24,9.129369009687533,8.68448968663025,9.155486016260019,91.38451995652929,93.07279781193196,93.02064968729862
2026-05-13 16:23:24,7.6634110890082,9.207898905222738,8.054574822210466,93.17572782660162,93.93218800815148,92.8877762074499
2026-05-13 17:23:24,8.862310200280927,9.775723704627966,9.183852545451442,93.06440870728422,92.46848786060507,93.49400029935701
2026-05-13 18:23:24,8.318228948072264,7.681024288412795,9.094266323758044,91.82846949667017,93.84837414040076,93.29862606506028
2026-05-13 19:23:24,8.026948672378891,7.504880922072454,7.956328931370476,92.09104422928269,91.18636385051448,93.04233987216091
2026-05-13 20:23:24,8.751252937585539,9.411068992774629,7.967923083250507,93.65122223964094,93.15155021566795,92.83138599145602
2026-05-13 21:23:24,9.132235253976335,7.381455259050697,8.591630480470128,93.91876937638406,92.1911002938151,92.54540700321162
2026-05-13 22:23:24,8.646038212445037,8.627329603053077,9.006495245627683,93.53630014286826,93.05903294809394,92.4175091702395
2026-05-13 23:23:24,8.08303928632438,9.372961600922874,7.921474805783743,91.07392704756063,90.59837663847097,92.71602406898549
2026-05-14 00:23:24,9.133427297848176,8.524106781122446,7.9145029777011695,92.9597314040342,92.24649593114616,92.43462309170472
2026-05-14 01:23:24,8.974718841819481,7.850402426827747,8.18883485470835,92.26073050448953,93.85812858616221,93.42563080898915
2026-05-14 02:23:24,8.878621826504377,7.626208725779965,9.129861513924832,91.20705086093541,94.3733447801826,92.25620687417387
2026-05-14 03:23:24,8.390616873237226,8.798636158739594,9.090274252123454,92.34819043689697,92.93404005771328,92.67423330262159
2026-05-14 04:23:24,8.229575813180542,8.632884009803519,8.075232341873722,93.97304308603066,92.60900060551248,93.42978239715494
2026-05-14 05:23:24,9.382393410054718,7.918205754559173,7.940781558853028,92.38391195081101,90.8095990630104,93.15900842898473
2026-05-14 06:23:24,8.696588144742309,7.207129140734556,9.071549949501454,92.1648266384308,92.54539139517851,93.25717226255155
2026-05-14 07:23:24,8.400790454862245,7.308308820447154,8.852368328282202,92.77126194026883,93.3531250400992,93.37284638252713
2026-05-14 08:23:24,9.0354474847514,8.846480459755751,8.50596055802225,93.74252547053914,94.08480958954189,92.2854257521122
2026-05-14 09:23:24,8.178282058256892,7.432522443407802,7.890421893554908,92.1074809350838,94.10899066764699,92.48573398904848
2026-05-14 10:23:24,8.069079675959182,8.486054309923157,8.997024335061573,92.92784954234588,91.44887879701399,92.52079011188577
2026-05-14 11:23:24,8.378921525603088,9.548909870926892,8.634041683418344,91.62426665097203,91.13984694078106,93.25765311328097
2026-05-14 12:23:24,7.888106653239058,9.396724150652721,8.564606836026513,93.31456616055989,91.16100743629003,93.29301141753466
2026-05-14 13:23:24,8.418043474824795,8.090535173858111,8.17488856315667,91.78212969063252,92.40926751693443,93.11813670021348
2026-05-14 14:23:24,8.588847146718894,7.253067049329763,9.027893513535522,91.8434822835648,92.72359893520907,92.27125012655782
2026-05-14 15:23:24,8.763632928644505,7.358737478260162,8.10410832923227,91.753909205399,92.01147745884138,93.2807856597285
2026-05-14 16:23:24,7.54803456696737,9.19620927923996,8.006829676150028,91.20177558401188,94.22963568629719,92.59844473813045
2026-05-14 17:23:24,8.952977811584331,9.141353525573006,9.089103668625821,93.18407728613641,92.25218152153091,92.85867750231304
2026-05-14 18:23:24,7.684235078378847,7.360519726274691,8.906868211131348,92.6111435992232,92.1263098551178,92.7574126970445
2026-05-14 19:23:24,9.353779687123673,8.514973279669032,9.19363197441733,92.14875640258416,93.87213060102123,93.43886562449106
2026-05-14 20:23:24,8.175330619313446,8.845191576973281,8.849769719700868,93.01334119478626,91.63049831948531,92.85000456438537
2026-05-14 21:23:24,9.329280074667402,8.729558638552579,8.022655645953492,91.48189090352211,93.98647568961013,93.44656379881096
2026-05-14 22:23:24,8.65032416338546,9.195996758273662,9.001183048556424,92.2554995758371,92.28529495910783,92.36688857060773
2026-05-14 23:23:24,8.847574506014587,9.045573145697402,8.180587713112809,92.187257958888,93.72841243872983,92.25286848535505
2026-05-15 00:23:24,7.861934805674126,7.848673476817636,8.162596411974661,91.34478592170939,92.24975664399024,93.16359023078208
2026-05-15 01:23:24,8.390805132513252,7.70022217573455,8.198262720161514,93.7796198533252,91.39223127432935,92.436939158758
2026-05-15 02:23:24,8.4174458978192,8.475900862574328,8.853737244297912,91.68656461142386,94.45918578389355,92.95468717738004
2026-05-15 03:23:24,8.09461394139889,8.347880319550999,8.543374808657646,93.76373391420495,91.31026134317217,92.03245574047847
2026-05-15 04:23:24,8.475014713711161,7.439068777465789,8.934079310266876,92.12578493464521,93.97679608504056,93.15882520819777
2026-05-15 05:23:24,7.502752574133649,7.331507018259408,7.84893021168839,92.96389566178524,92.61680869223059,92.8449941799464
2026-05-15 06:23:24,8.097818532642371,8.489016750137255,8.352385747498431,91.11885136659332,92.4109039860084,92.25488167792292
2026-05-15 07:23:24,9.352864711205015,8.48426079547432,8.173614665373908,91.29232965039104,90.9754151434708,92.57367274112308
2026-05-15 08:23:24,7.921785892811425,9.11317034745374,8.554256941762375,92.26368852480684,92.62278485155748,93.03377715187574
2026-05-15 09:23:24,8.381949069696576,9.052855472878125,7.936529663304675,92.44493453589317,91.46141041410158,93.20763292555326
2026-05-15 10:23:24,9.420517210788205,8.691986624865956,8.607956129189429,91.68930318721607,93.80356151691907,92.43242577267787
2026-05-15 11:23:24,8.848919881187573,9.438217958947838,8.064434121364457,92.0949198339813,94.21687882995592,93.39578417619175
2026-05-15 12:23:24,8.83931409866161,8.322434656491138,9.144947074656535,93.53302118089576,93.11398932221995,92.04291603979374
2026-05-15 13:23:24,8.080269627289107,9.093416783585567,8.034392942816453,92.33511959212419,92.0059205513979,92.57859069879284
2026-05-15 14:23:24,8.522469728142482,8.659995573876374,8.107956129456538,92.22205729546707,92.90556262073362,93.01553376945722
2026-05-15 15:23:24,9.154411057946236,8.454961681526957,8.958538200671407,91.47314010260229,93.48267158295579,92.53144208320991
2026-05-15 16:23:24,8.673762870220298,9.135369057532447,8.901339308434459,92.98841836513364,91.72810680084362,92.19259918792024
2026-05-15 17:23:24,8.259612730213108,9.212101637948772,9.123528261511753,91.69913653640593,93.5657767446026,93.150136976566
2026-05-15 18:23:24,8.941875392659826,7.2805803757691985,8.860289796216573,91.03687000852388,93.94459873879339,93.35513301002739
2026-05-15 19:23:24,8.279594251797262,7.510028769455188,8.786731310639269,93.41178460459236,91.92552237922003,92.93355059751268
2026-05-15 20:23:24,7.909346891296805,7.479538018749413,8.070606926347908,92.92629302998462,91.64184654881556,92.41699185976468
2026-05-15 21:23:24,8.93505443046063,7.223820290140192,8.483318293347807,91.88143197006092,90.95322830643661,92.4595116606559
